Filename,PSNR_CycleGAN,SSIM_CycleGAN,CycleGAN_Similarity,PSNR_StarGAN,SSIM_StarGAN,StarGAN_Similarity,PSNR_StarGAN1,SSIM_StarGAN1,StarGAN1_Similarity
cfa0c679da3dbe9f01e92cdeda2da1065aa50e7bf0b3990ec335f726.jpg,29.35729785,0.802972136,0.979979128,28.5565135,0.681277262,0.963372455,28.00150741,0.613182315,0.96712744
83dac9d7eec7fb0bfef79b4d35ddc69a6f7fb458d3bffc4e78f33ad9.jpg,28.70676361,0.842981735,0.965769054,28.10076791,0.674934651,0.904350888,28.01248038,0.657295077,0.920174954
0745dd0386476ae193ca709034378c9207e48ae88cc8724127e98f1b.jpg,29.04497803,0.848497138,0.973788436,28.28963435,0.711662582,0.954825832,28.3661094,0.663073332,0.973822136
2e9242f004ee675613838478fc4d2854c2e6a4406443e0d9b854f8ec.jpg,29.9344662,0.899827601,0.968487429,28.35863401,0.606162656,0.922719013,27.7264901,0.536210973,0.903278913
6bc300b2ad8cf12d92cb1f033be26adf1381b957ac196ff4ba60d44b.jpg,30.54779667,0.892366138,0.980561465,29.57601373,0.736346012,0.892450811,29.44954458,0.790955661,0.964859298
c4f8afc26d293aaebe320d74afe459a6106f19cc89723eaa9a93874d.jpg,28.92963471,0.791112103,0.970854291,28.38294001,0.695503592,0.918807671,28.26632571,0.676659881,0.972275027
8074ac2088332aa569b5b2abb02d963b41b99eb985dd31bdee881586.jpg,28.26904121,0.447019805,0.984016661,28.98946599,0.41947363,0.9319271,28.86491023,0.388522097,0.970617492
218318ae092e2debd4f7f0c571cad790d391353490fbf7441fccd906.jpg,29.10357313,0.717269193,0.984705431,28.08529632,0.603032537,0.940306498,27.80245439,0.57753239,0.957321445
ee7d79554e79df1aa460bcfd60c89757d0bafe6bebea035330926aa1.jpg,32.26768043,0.902430728,0.984437967,28.74322086,0.803811044,0.954468775,28.51905367,0.803299108,0.95216183
263169de35771d1aea0898aa5e98793a1a17abcdd574153b9baaefd6.jpg,28.74863119,0.812832414,0.967185204,28.36377166,0.74942396,0.923556332,27.90605792,0.638266126,0.956001707
ca44f7f1d7c986d9ec92a7140b5cad905203371a711df494ed6f5ff4.jpg,29.90978224,0.879870268,0.963326663,27.99028867,0.706405871,0.925120235,27.64289947,0.670415656,0.942331054
cf76ba13917395f32d5ed09bf00ab323238ebdb7cd30aaae5ac38625.png,29.05289205,0.86061621,0.983253469,28.01798784,0.667542591,0.93282646,27.88870122,0.712103521,0.959624889
baf8a864742c4afa0ef45f4ddba6cad45fcd4cb550548f07c984f806.jpg,29.33665597,0.879707874,0.977685155,28.71959171,0.663611156,0.934304562,28.3611663,0.552523491,0.953661521
d521a3c82a9635d320f35aaf9b102df34f8022dc0c831669bbc3a512.jpg,29.43611539,0.86396128,0.985156253,28.27801198,0.718738119,0.962406676,28.1663391,0.6592361,0.949573992
16279313d32f9ab163f217b00cc17f7c892e71b47131ad57b77f0b0b.jpg,28.38439211,0.694900433,0.969720064,28.46983946,0.58399805,0.912133207,27.93257146,0.495446745,0.930606318
880ff983e43dc4cb89523a7b9be392baffe1440c1ee074bdf4a770ee.png,31.03171952,0.900254336,0.973463674,28.18669322,0.743667425,0.839448144,27.79266221,0.714709288,0.947484024
3bec18b3abdd7496ffeecd6352455570d2a419f8e27bbc1aba1af468.jpg,29.07586802,0.857107861,0.983139987,28.60073464,0.696710218,0.907912896,28.37267566,0.689751603,0.961762319
5ab3281eef4c9fc58a0055388704fce0c6eab3c8494326d166ee9dec.jpg,28.91705646,0.808847426,0.990569438,27.89181347,0.624633619,0.951666429,27.63472322,0.480262268,0.96209275
22979b45eae35fdaf1fae88c5d186148c497aeb70830cfe60b0c8270.jpg,30.04368631,0.835429674,0.970791387,27.89251062,0.371644133,0.940201167,27.81158629,0.342465625,0.944982603
8a1290f557705748fd710056b389d907e2179333d6a62a2c8d17c455.jpg,29.57515212,0.82964566,0.970283627,30.20868685,0.822057847,0.957517275,29.8796467,0.753249543,0.962689017
6a55b59ab9c813485bc989347cda6feb8d7fd2ec36f59886f31ddba1.JPG,29.97689844,0.846057848,0.972596162,28.27635734,0.764390939,0.958835419,27.94468859,0.692019553,0.956456774
bc8924b0fea9c781eff4d7c75993e6180d0df76aa43724bbbcf3ecf8.jpg,29.98786312,0.646788927,0.984903882,27.85339375,0.524252088,0.92234358,27.66579655,0.467175218,0.91656137
ba089887ee67ab526fcdd1399a10bab12d1def6dcd0bfdb27928c88b.jpg,29.63491356,0.905556105,0.972423634,28.34717593,0.742281815,0.928739648,27.77016039,0.619332162,0.962001322
c30c3292c54ce6f5487dae7ce113bd046b9289ef2da78fda456e72be.jpg,30.61281001,0.884309726,0.982450877,27.87240681,0.744243532,0.949809975,27.89895582,0.760746768,0.966249547
73d59ff62759c540b4fd7dac848329f060a66ae8ae8e281b829f9299.jpg,28.7681433,0.523008765,0.976547111,28.47234744,0.516762532,0.942655742,28.31329821,0.481728613,0.943159344
0ba8455e13396a39c33c09165ca319f5008cb0dd0760de7e00af8a39.jpg,29.09106199,0.836500421,0.981872384,27.93477186,0.736516961,0.952477223,27.79720886,0.723445239,0.970505882
238c01406b860742055a0bf9f27a6de2d38827830f1363cc70c61985.jpg,29.48784869,0.768176448,0.972249413,28.01486324,0.628482824,0.925053963,27.85291401,0.62032255,0.953859126
1c8069a85241ebe284a44c28da4e9963882e77a9743317268c1e4d78.jpg,28.23066623,0.772276866,0.961559277,28.53691371,0.692765624,0.922408454,28.36394736,0.481105457,0.952192711
b7fe6ad5de207e56997b3ac4d2bef12aaf84a59e2e305cca4092507d.jpg,29.12315394,0.829865808,0.981697987,28.04683688,0.609249078,0.94390661,27.75821341,0.536451545,0.9335283
14c3fdab70343e6544a22aa2c9a3086105a02e091abde1ef13ee2e9c.jpg,29.75749542,0.837926597,0.981849153,27.97373456,0.741962352,0.912615901,27.66604363,0.72984059,0.938193034
d14b341b53bf56ae6028473bdd7d9fff8f385687b1efbf4bd251dd7f.jpg,30.67905797,0.872134621,0.986631435,28.64159807,0.71250713,0.943290084,28.62554828,0.705155511,0.955906235
8ecbe3db2c53cbf9790d21843349a085aae029fda9d3e8dcfc4219bc.jpg,30.15103231,0.827470824,0.975514042,28.22231244,0.694430735,0.922380178,28.29581468,0.709127696,0.955562235
29b1bae23a71856faefaa0b0ba50d10b048158ee79d5a77f5df05846.jpg,30.19280709,0.862222336,0.977232095,27.9464182,0.737485576,0.946350002,27.85598765,0.713718098,0.942972761
66fdb03fd1cd2ac9da9855ba851e3309f525f5d6470d87e8b8fd09e0.jpg,28.94973647,0.685952194,0.970155256,28.29601732,0.555720346,0.954156423,27.8615929,0.461643959,0.942957539
3fcce00aa7efa121a1fc46f12c8d80d038c30c8987d23d6044b247c0.jpg,28.92117568,0.812517878,0.979991755,28.29129902,0.699305558,0.905652551,27.75793731,0.676236824,0.914947925
353ecf13f3c61939b0cbdce5f551e2fd7e1d8e27d48b2816103302fa.jpg,29.26273061,0.842658962,0.974267716,28.07635692,0.736989174,0.931684452,27.95571541,0.716982833,0.929104394
f20411602478f96a2e29a937191d0ff1a1d37e961829502acd7241b6.jpg,28.93499945,0.67779375,0.964308524,28.30683557,0.588879241,0.935118842,28.1484219,0.558902351,0.93642248
87b9d736ef51c11cc22ddab271b43df37051b083ec6bf3e4db969648.jpg,30.32487662,0.858139345,0.969503625,28.17547068,0.787525961,0.918495249,27.47655049,0.750562425,0.943588643
b534ef95d86aa2d5a7e6d0aa5d062f5c76e6b345f0856594d1a73ba6.jpg,29.77220273,0.708876811,0.964232422,28.00648075,0.612551109,0.939889175,27.93434894,0.625689398,0.955830411
69ba11b7c5e509a2bf788edf846ad3df113ee0d2abe1812b05f6ac2c.jpg,29.60007971,0.743401108,0.986002104,27.83207083,0.602696877,0.964052252,27.78064241,0.548921452,0.954869581
b5523c246b367161259ab2f77949ae0add97beefd86b338dae725fd4.jpg,28.86861193,0.451426737,0.979562626,29.59194748,0.504325648,0.946077515,29.49843357,0.481644476,0.950792775
a4299611abc6dab4d60712084f55b8ddf0b7a625574633a48e1eb841.jpg,29.22713183,0.644372714,0.976896001,29.35510266,0.711100725,0.938571722,29.43187272,0.714497755,0.968224391
d849041561ea3da0e67396a25cac1b5bc79ce68730076b195cef3033.jpg,28.97075786,0.637831546,0.985362005,28.99738712,0.584749622,0.935386099,28.9062507,0.584800253,0.953429013
568ddcab43f5fa4687397d3459e54b07fe7d56bd191d93b938ecc12f.jpg,29.73062079,0.87181681,0.96622661,28.65162033,0.703077856,0.905106381,28.02494294,0.646550691,0.908338553
753a3f375092e027be8be009f81fedc4c34f466bf4188c5b0b5adb05.jpg,29.44685686,0.845692557,0.974170293,27.79855658,0.680368913,0.922694514,27.89174603,0.675404169,0.971802001
197549446beca1e98a0a613c88a112a986380c68de6d27b96c01fb0e.jpg,29.63599664,0.738463693,0.977280508,27.94706496,0.650058695,0.935108446,27.92767187,0.617688917,0.95165432
b12877e95511c36c46a167f922cfa3c37c49e0b4b3d54b368892a6b5.jpg,29.79443697,0.860425191,0.971850996,27.79369574,0.70511881,0.930443926,27.81674437,0.67884949,0.942193127
894db14107d8ec2ab0434ec4f84f40aaa652937ea58972959e4d2efe.jpg,29.5433423,0.812287644,0.970261192,28.6572548,0.68143391,0.950193741,28.59721359,0.658432471,0.904587712
030c027097c0141079dc40d68c833b29254e1a97ed53be230da4b748.jpg,29.41018688,0.814944847,0.981341143,28.02180442,0.571483625,0.932555337,27.81541259,0.534166412,0.947125005
0a1bab1f2a4a883ce351fca47735b64e70a21d9a3d22587e64826a4f.jpg,29.50897981,0.773077242,0.957863733,28.23174986,0.647005098,0.922815752,27.86309106,0.568127776,0.949701401
3e8f75752a4dea650e1b13ee007f742f6803ac98495b7b2052fc7e18.jpg,29.63673471,0.767498779,0.966933167,29.23063789,0.679403609,0.909052675,28.94573038,0.670919778,0.95972363
4bb212f76e7d3207372802f20cbf32e67bf64dbcdd6ab58c7152bba5.jpg,29.06184303,0.740687954,0.982548266,29.14148868,0.698563423,0.935358408,28.23045653,0.627233804,0.912655777
9ea8c6a566c8b3459440da067cee173a26b74f31ad0460ef2e99ae92.jpg,28.61352573,0.60723017,0.980394556,28.13727699,0.535043133,0.954107569,28.10989408,0.457647625,0.954544269
23622c530da3865264f11d1b5a319602b6f75abe8da436b5a1ae966b.jpg,29.81240871,0.798599026,0.984014601,27.89363761,0.622476599,0.926325194,27.78157771,0.572793966,0.950200598
33518416bb0dac27a2a584fb6bed98b585036437c95c9ba22d26ee5f.jpg,29.37853328,0.854294418,0.980578962,28.97203594,0.787361132,0.929937984,28.71316188,0.735538974,0.942629094
49890d68f7348ead60651ad6038c67a00f1c2d85e4cc770ddaf47636.jpg,29.67372307,0.905859211,0.966456328,27.67022703,0.754312217,0.905394031,27.61158821,0.765958785,0.94980815
7d3b1680edb1f440e56a99bfbe238019dbb792075279df2c1a4d28c8.jpg,28.98313814,0.743647335,0.977303098,28.0973045,0.676393429,0.898849757,28.13997392,0.701573179,0.958094438
902c1e44af78abc74f8bc987bbc4eaaa776f7e481c93d836bd2b0398.jpg,29.58521579,0.685440279,0.969190322,28.13533581,0.517906591,0.894908864,27.90671078,0.470652822,0.952432301
3ab1e85c72caf2beea69ea9a2a7b63777f2228735d2f497c2a4beb05.jpg,28.85707109,0.786452854,0.962240821,28.16220639,0.551360672,0.932568169,27.77382051,0.51395017,0.963523098
91157a4e94cb1612e12804a23dbf4449fdc746835b6c17447f24348c.JPG,29.84566586,0.794203812,0.966067347,28.19009422,0.682971754,0.914862745,27.66185627,0.626342112,0.923872318
24a08c505322a6cb8430cb1451447369956f20aa9bc87066c59637df.jpg,30.11618494,0.86908929,0.98507423,28.1391811,0.753799262,0.912365274,27.90539848,0.708772859,0.958674186
d3a2d8f306ca9dc591468e79a4a46cb18ff6ffa48e175ef0f0b44914.jpg,29.8000565,0.731686391,0.971088194,29.10529486,0.670647681,0.927505263,28.91085381,0.658809258,0.942613894
6fc3a6cac49b74f6b9498be576cf25ab294a7fc4fc0f5512ee9911be.jpg,29.31296286,0.842788799,0.970353863,27.91800931,0.679576525,0.894684436,27.73786532,0.613470202,0.930878279
e2be71fcac1faed7aa7088b98bc1942cc087ee73e20229d0602ce7ef.jpg,30.77715282,0.88577525,0.985529674,27.97897257,0.735828939,0.942585309,27.86638377,0.74833662,0.973049056
a7b4fa504f393c3519268d5dd754209b03fe06b4ce47441051b03187.jpg,29.21803228,0.915625594,0.983302681,28.22211978,0.770236026,0.920871599,27.68112315,0.732244172,0.940665048
e7e556cf3c11de5d67d0e36164138ca2963eb7396bdc384565b420ab.jpg,29.58989837,0.8668737,0.974336349,28.06009618,0.742873973,0.93194806,27.77693391,0.726628911,0.933650046
9f0c991d7da87c8ac78fdb6c31f7c8d88a04b800837976a93ed431eb.jpg,29.76150878,0.850952216,0.978224787,27.76044923,0.516076082,0.883463462,27.68735645,0.320517459,0.925891635
d2c36d28ad9d2a6f4fe3364cadbfb3f479d5b5e5117cfbab44494cd5.jpg,29.55088771,0.575178686,0.957264408,27.87205423,0.512976029,0.934860609,28.01246286,0.497133088,0.948745392
1f5c008fa51575943fcf42092e64ffe92424e1a7b1e4bcfe59e58c1d.jpg,29.68230589,0.867677018,0.963972586,28.36996134,0.6514222,0.936731217,27.83229626,0.582570141,0.921954762
cf35d0db58395387f732fad62a04cc623365be2c6294ee2ad7d6cb98.jpg,29.25600789,0.749683981,0.983645464,28.27913904,0.668717419,0.917149171,27.72534224,0.605422972,0.928316918
501a4ce06a9fd4df513bf300e34d669a0bf897a465a70dea1a0a0e6f.png,28.15234977,0.804824395,0.9668953,28.01626036,0.590438267,0.903621935,27.75518961,0.506156274,0.924391281
1800fb5ae3854606e81e8fcd3540c210f2648677560b73dd5ac5355a.jpg,28.87335495,0.798536248,0.983116473,30.66270252,0.762536448,0.926345553,30.53833984,0.74544869,0.928566631
908b47cc547b0b5b257cf86c4e3f1bc5a49605d6e3606780fd1a0647.jpg,28.91304914,0.786951482,0.988663032,28.37346597,0.641766112,0.962575313,27.92915109,0.581028017,0.974881324
b72dceb683fde6cf818b2f8515a888babcc9ba0084c2371ae98a9c14.jpg,29.06745501,0.830549563,0.988190503,28.00740342,0.665446794,0.967768902,27.91601445,0.655530647,0.974193716
d051a90535844b4987e2c51a8f477b563b4894501089b83a5d96fad1.jpg,30.34291839,0.831888868,0.961159815,29.09756743,0.772049948,0.905068633,28.80214432,0.770507292,0.940418679
c11cc406fe5e77f8d94572de958a1d406c119a80e8f2e40181e87e02.jpg,30.32337569,0.85557834,0.978644815,28.05018091,0.73611644,0.946620366,27.74054832,0.655045037,0.942441144
7db4b839ad277a59775bb886ee554e906b30e446c0cac21f04a0a7f6.jpg,29.35905464,0.887591915,0.96711282,28.18827765,0.725683138,0.925296371,27.82954915,0.579580138,0.952915607
a370526a3ebc84ea00c5529bb977d5d02aca5d8b01d79db3fdb538cb.jpg,28.97028454,0.655533871,0.96641633,27.95286736,0.472469555,0.915541591,27.77349828,0.414070031,0.923882003
ea5656ffb2d1bc9f86f4257506c9e86a1c8b7db7d99a3af68f9203a4.jpg,30.66685881,0.90165558,0.981664978,28.50547507,0.749140537,0.944172914,28.92564237,0.739413666,0.949052687
475b2d10dd0ad1757e4b9e32c850a635ea362981f7f7b6b4a8b7342e.jpg,28.68364632,0.72805996,0.987179019,28.91909679,0.54484058,0.955120882,28.7534109,0.50606954,0.975184296
ca3169632a5ba7138ce8f0282fe5ae812797d324adf474e4895f13d9.jpg,28.91996393,0.820931063,0.990945582,27.87368722,0.514528553,0.870339898,27.74948287,0.48138537,0.896800394
46a817c64e3f18670d6f14f96a7e0e2d71f8ef0a717d038f2a1b6561.jpg,29.4657488,0.812183531,0.982340021,27.75066028,0.729618739,0.937251745,27.8505214,0.68951787,0.912642185
49ebc6559f9350852f0c960768ddb800f0eb92a781e02d31615dc73a.jpg,29.93346726,0.884142498,0.962297762,28.20757999,0.725360324,0.956594993,27.7323192,0.688337919,0.945342472
a6cd220dd93bd7b774199835e7da621e318e0b046a3bf87c565bbdb3.jpg,28.79797058,0.855155618,0.978671482,28.42169764,0.692432484,0.932957267,28.03425287,0.5785361,0.96277774
e8897087ae82b95dc339559967a5607744b565c372a5e4855ad07b50.jpg,29.28959355,0.883040105,0.965694803,27.73705091,0.611052471,0.917938665,27.80602841,0.579568197,0.925192295
ade26ed081b01af4c604375f3fd2928ce1e0531da1b9d25903e04d85.png,28.89338865,0.88604192,0.967579459,28.07085993,0.522730149,0.900070593,27.92179768,0.30591647,0.922040867
a2975261313a7e275dc073321bed77798501d1baaa8b3699fbbc6d36.JPG,29.49200239,0.893170871,0.964754602,27.95530993,0.686481944,0.906180762,27.67133557,0.609368275,0.9252195
d5dcbbea7b9393506780c8bd5d71dc8ba73784bc979352669f872944.jpg,29.20778966,0.732084471,0.972055926,28.2066678,0.586127523,0.950340452,27.73699718,0.503422831,0.955161156
f794384fec70759ae959edf912ce6f245b705faec167798be6576479.jpg,28.73262941,0.844341492,0.977611552,28.5470544,0.743959987,0.951629798,28.53214901,0.69057064,0.956132219
3e38f4a6726a48bd812c9bdd24bd7b60d3967dddce448d63bdde14cf.jpg,29.70048746,0.757966935,0.986059888,28.19124126,0.599457875,0.933949783,28.00788375,0.522121996,0.929289445
c6a33c31e84ad54789ae7090a267b5ec741e00332b18bfb31a112fc0.jpg,29.53441824,0.845410088,0.977372282,28.07007598,0.683702466,0.922224575,27.77611,0.58047872,0.929719694
01b7714448121e8f16bed9c8d6e9af414816e95b4eb0bced214e11ca.jpg,29.84446047,0.886830775,0.985812806,27.70565585,0.80937878,0.936615927,27.85911685,0.783750659,0.950740375
aefef862f0efc940239c5f28d591b871c6d9655eeb3e8b455793741a.jpg,29.56038975,0.697467123,0.978032644,28.23007794,0.557283363,0.939166878,27.69749056,0.474451148,0.959740619
712b855bf27a5debb033648c789c3b530fb83493a53433530c5a93e8.jpg,29.55639502,0.850613019,0.974176237,27.82154397,0.598621683,0.932511503,27.67808087,0.436003844,0.94984074
af14693b8ac760fc820e290f9bbcbe44ad6ca45ab952b1280bc9c56d.jpg,29.57295049,0.837467543,0.974905506,28.18925488,0.713720564,0.941874796,27.82225391,0.629384698,0.951369919
0c6fdfaa2b97237997b7e16376b06790009c2044a5af57cbe01fc575.jpg,29.00077145,0.82541324,0.969468201,28.21670687,0.625441195,0.910863224,27.91592697,0.552110722,0.944318952
b3e07fd0240d85c7dd56f176a9c6fc586564bce758d97db9756160f3.jpg,28.77649101,0.544925096,0.974909405,28.19780227,0.509266672,0.902987158,28.01364605,0.494031228,0.964224545
9f3b958198bb7453d53fd63d5e6a677560efe0d8fd1ca55a04bef51e.jpg,30.20384443,0.947648266,0.973000222,28.06681019,0.825866272,0.877497564,28.06365348,0.854550932,0.943897366
579a815c54e7f8d309f295f543f7f92a6f1750608b143407fc2f4731.jpg,30.0260845,0.647071515,0.952663984,29.69850614,0.689406727,0.880148515,29.9438629,0.712053389,0.950330984
13d128c0d32f24e218913eacb7efe6e3a0d5d8362cb2cf36485e010d.jpg,30.30530624,0.772659416,0.984074071,28.26392196,0.683958768,0.929823947,27.70964576,0.464439732,0.939424327
99d62cfb258ab44df1081a656648f2a9f9dd705dc040891bf829a2b1.jpg,29.53912932,0.760060497,0.990705599,28.44935918,0.656575443,0.947319491,28.17293035,0.63400599,0.95448038
07cfe69b1eebc8f321c679bdf7c8e9d968b10766386f0e818718439e.jpg,29.57953627,0.902018635,0.956357514,28.25864,0.819251831,0.929747857,27.67101455,0.785800542,0.941505945
8b155d3b31ae8580510b09c22025c5221e0712bb4e29ac9d6ba7a2db.jpg,29.41763922,0.797589968,0.978085997,28.29299254,0.74625096,0.958140761,27.96147208,0.7032053,0.956700873
3d2a19e98299335b84990bc662bbad59c755a6114807b6f376c3dc4a.jpg,28.25434864,0.690942371,0.978343732,27.8892898,0.436137316,0.922232018,27.89958135,0.340663335,0.943251313
c8f02d4540c002121e7f0917e209b65efa926aa665190cb8ce19559b.jpg,29.7272629,0.882542547,0.97771437,28.59180247,0.812442576,0.969237228,28.36729448,0.759694655,0.967204832
8d0eaa9f26a3d602c2086c619f10de37cb62cd5d8e09ed4a345bdbc4.jpg,30.22849785,0.804893879,0.969756253,28.17345702,0.665239838,0.949370888,27.66794901,0.616216939,0.955151586
453278846470d1167e58391d4524cf70060d30411c4fc7a6bf1101e3.jpg,29.94357282,0.617799656,0.977044879,27.53067313,0.454167957,0.96445959,27.54045394,0.441742776,0.896936252
a3c1b7f49a64b152acd5e4c4bc2f68117bf92a58abc4ef15816e644f.jpg,28.8688572,0.678494989,0.982189296,28.26780483,0.62084124,0.91641468,27.94167328,0.483169432,0.91981825
6a438652a8b4bfbd1329c32996a353f2f9f65d4763911855f3dc1f14.jpg,28.8914412,0.557927391,0.98741512,28.29476747,0.467730742,0.909993737,28.32794341,0.439275837,0.915369639
e2c7bcdc1a83d59272dca0c673ed7379c32fa42e19d679ca6ea3c539.jpg,29.5760708,0.827483257,0.987281883,27.98267086,0.705009899,0.94867791,27.77932587,0.52007948,0.933116998
6ccc2bfae65c60d5123369d8a6c39736f1e58fcf8818fc6f3ea572a0.jpg,30.52606513,0.894929721,0.949181516,27.94432612,0.565493411,0.917177625,27.77054121,0.52128232,0.942177442
3f0bab0b33ca8007b26bfd5f57bdbf8660a58b5e59b3fd3e7c23c08d.jpg,30.36624267,0.886245569,0.977087642,28.04092758,0.757750436,0.907951259,28.03025699,0.743195444,0.926294213
ef92c9c081c62958fe0b8acbd53719c4297289ee20142ef7914c5b1d.jpg,28.89076366,0.717046886,0.990962297,27.79341722,0.569892675,0.90251026,27.69491734,0.603753358,0.969917224
55447d4542944272a49ba299925fd7ea52115d9e0c023d8252215ec8.jpg,29.42240424,0.895200759,0.966215746,27.88557217,0.714904549,0.935710669,27.78550219,0.56793073,0.948482269
4441854217d325da9ba283733f2662cac7b3f3555155f46ce528bbd2.jpg,29.19489626,0.836878986,0.987731055,27.9891007,0.534033216,0.962927112,27.59972267,0.48923217,0.970989388
273c71c4a08e82bd887e6b70e0b8acdda36aee7ff3eb21a91e3ebde1.jpg,30.13280855,0.887385768,0.975977799,27.92891108,0.740985536,0.917134966,28.37306784,0.728674085,0.949941864
c90de17fb11a7150afcb4e7ef733a8fa5819a6fc1d9fa4f3fa5fd078.jpg,29.34490311,0.869676628,0.982893724,28.33968615,0.719836407,0.944734542,28.0972025,0.575091065,0.955770378
93ea70f78ba8ef5dda3d5a679dc19a23079d6e26c2c0c148e1db5fed.jpg,29.60447613,0.613520447,0.977944092,29.41900719,0.480199685,0.937253636,29.30698589,0.455907621,0.938363678
322c344539851948f37156d6013dbb7fe9f83d05d52807f16b24a0cf.jpg,28.59450089,0.802042947,0.956204785,28.30499101,0.371697454,0.947261116,28.10803518,0.318989241,0.938793082
5a96579ca50a80f9f7cc360c14f5602c1b923a33d26c49770f426e5a.jpg,31.35544875,0.921693828,0.984340943,28.05615573,0.763312078,0.938662411,27.98220835,0.73622755,0.949383417
e75ce3c069a4d4ce35b8ad6567715c1399ff27bd5a4c7a6e1ca648e5.jpg,28.27642064,0.348439062,0.97813631,27.93819349,0.262806439,0.904034261,27.81643317,0.295439459,0.958291202
c11192fe03dd619010a80a8f2af9e5b237b2ab285d5d343fbc61a5b8.png,29.65365172,0.844501879,0.97606857,28.37499479,0.691516472,0.939629141,27.88137248,0.7493186,0.942705819
ed747708dcc90d023ae5555ceabe97da4b5a4905cb8c957f3e444136.jpg,29.41472075,0.807533735,0.96608136,28.14161351,0.584120136,0.960319741,27.68918515,0.457149257,0.958870145
14fbeddbbfce51288546f6fac4a36bc525be17d7f16b967d57f036ef.jpg,28.8967216,0.862161309,0.948601824,28.35397448,0.748011898,0.938803579,28.30592011,0.726834007,0.951455107
17232e2aeda80e9fa60f9026fd8ec721ade918e0f363f67b89a06df8.jpg,29.07062741,0.80569037,0.974635357,28.04855988,0.687245281,0.93992873,28.02658998,0.694092855,0.951482069
d4fc3c9cfb8fcb36679cd9d65c75938a394cb63ec20725ced074c39b.jpg,28.56313412,0.786749668,0.967792921,28.60092388,0.590595317,0.900727525,28.3375437,0.504600608,0.939000104
b64c6df46d93dcbdd7a1c09c62560db2189024d7dd17b58087b67954.jpg,29.15780002,0.859131191,0.975359137,27.77060153,0.638846821,0.91789059,27.71310306,0.496795696,0.960105551
700d7b71e4e99ab346ddc98db8f0c5c287b00f6a57f46bf182095dd0.JPG,28.87029413,0.776848039,0.96806865,28.40807425,0.69924238,0.945780639,27.96958802,0.639450521,0.959894782
578ce92a10543826a859e9ce1597087e98598feeebedcd99a29870e7.jpg,28.93684077,0.874227916,0.979248647,28.18326323,0.651097176,0.949745683,28.05807143,0.631116706,0.960817961
45ddf9586c0b863f2d0d0f274948a20a849d919fb244b7c3c16390f9.jpg,29.83004477,0.864507617,0.973137418,28.36896639,0.617887143,0.921759437,28.07756409,0.578965266,0.933855239
ca8c7b474e1e01f009255d3922d51391595749a093911b00e8b82d80.jpg,30.15332685,0.745377429,0.966860272,27.99819409,0.663455322,0.925759426,27.88012083,0.685042805,0.949078345
87ce7c30b79d9ce7a624c7c0755fb48aae8c3068b48266209a86354a.jpg,29.38806645,0.857368942,0.982524806,27.92649036,0.645634515,0.913391077,28.00577424,0.594492387,0.95517416
4ab12e78a7f3f5879289bb7a0dc3f8bfcbf39dbb9fb0dce7cd732d94.jpg,29.86278797,0.871492844,0.969320478,27.85292763,0.47892818,0.956595493,27.61964296,0.360318041,0.966487337
a7234b2cd53d876160e9fdd1efdaf74935753382203da4c843634c61.jpg,28.54170943,0.872897419,0.976848184,28.03519551,0.827823855,0.920052867,28.06384016,0.766286559,0.932833795
81881326ca02560bdd4624edc82fdd42623c67a25adb64e5af1b09ef.png,29.7429048,0.874438909,0.986504697,27.81324073,0.628509005,0.90655338,27.68161317,0.502873081,0.924413515
b261781ffe8e9090eb3669a4332ea3ad6b1f512687785307b245f3c7.jpg,30.12842292,0.938481688,0.973645198,28.76663148,0.786920029,0.93349664,28.57094907,0.724547436,0.948341741
6b211fc225e323ce4ff78aa5d239ca65cac20e1606d4cda3b578f9d7.jpg,29.20785915,0.8551397,0.971238122,29.47949921,0.769586686,0.933684936,29.30773728,0.726292404,0.953010772
1a5a5421e2ccba6530552cf68bc9940e53c314d2a60fb03e62a49720.jpg,29.70171936,0.883204444,0.972289529,28.03246712,0.663531412,0.926721305,27.77709089,0.561549872,0.952194576
dc26b91ae4ca253c440fb27406e7c7de9084b26df0707d27438dab7d.jpeg,30.49962895,0.917071528,0.983910448,27.76902854,0.794903805,0.948751526,27.64110577,0.655591687,0.951970334
2c9f6a125b9e299507b42f3ff68a743637deaf0071b13b9182b01d03.jpg,29.18924661,0.859711035,0.971683089,28.06744254,0.683305938,0.916287999,27.68342693,0.601734788,0.929899098
b0b678a89b446508402f6a3f3ab527f916ee6884d6463e7135f61de2.jpg,30.80020391,0.878848524,0.980060918,27.86648128,0.738309238,0.955587126,27.65233859,0.676796037,0.954967035
3e41d0be1ac6a79abfd0a0ed7d380512f41cb3d10cec29c64323a667.jpg,28.76139874,0.761040805,0.986034206,28.0521965,0.618382307,0.942073166,28.12285729,0.614771548,0.932565733
21a41bf4b1dc0b123dffa25e35f9af00724dd1c6e81bb9104f1b9c9c.jpg,29.2433417,0.738903799,0.978628498,28.08612888,0.576333899,0.898313134,27.74404328,0.557297132,0.923588508
40ee45df81c00b4b27d9ed9d4813f2a9a6b3b9227d6bd3ee9dba86f7.jpg,29.87663729,0.862204922,0.979993024,28.5482716,0.703113241,0.936043418,27.98657885,0.68498831,0.953048975
9f95577516f8d7dbee44c93f207dd958a58cca9e2b95b9d8f0431e2f.jpg,30.1124306,0.867428378,0.967186879,28.10349818,0.723305042,0.911386938,28.00627523,0.690717626,0.957722462
75873afe1e20d5759d38135a017c8d46c186469c0bd656fafdfc1e24.jpg,29.75812785,0.851991426,0.98486177,27.81538661,0.70627768,0.935908205,27.86207623,0.64652305,0.938715731
5c8d91d4400b6ae7884fddd2583bb752b4c5350f3b2db64e15cf4a00.jpg,30.9118622,0.804710385,0.978379683,28.17901046,0.723929412,0.878950369,27.80318579,0.708633501,0.930109857
0fe92dcc3abb031f1d0d4a505b598a31192ddf4592369d2890e8a004.png,29.12195626,0.781430969,0.970965687,29.14540147,0.610219943,0.893542179,28.56996568,0.508721566,0.947344369
fe32556af75ec176c91aded80dd9f8ea8744cb333c340c97df1035aa.jpg,30.53772584,0.852274149,0.976185325,27.96147955,0.656804749,0.909980946,27.88745773,0.628884183,0.90651092
fcb948fc5e8ad64acd5dd935844b74f10b49ceae1f649416673633a3.jpg,28.34919125,0.856881316,0.957091699,28.08888288,0.767942787,0.888384004,28.26604199,0.656267788,0.922139466
f6b6d84dc77e0fb4d2805013b5b4e8fb31ef3cb8d2113199fecd8b87.jpg,29.16129545,0.819529276,0.970192396,27.8940334,0.72989959,0.922467983,27.94264282,0.740506305,0.948074031
17715eb42e057344ec685e262e67fcdf7906dd41e049e3e818449d1c.jpg,30.41920481,0.769539438,0.980801138,27.73679258,0.704466088,0.924955735,27.66462147,0.714639044,0.959605931
a4ad48c3f9acc49647d3e7f898e33b1b965a0ce95784d08a559d0f87.jpg,29.20064611,0.60066393,0.972680806,27.98806534,0.412158998,0.910403796,27.76545776,0.289663256,0.964548464
28ca022dc983b73f31cd621efd6fe990034618fd92c8b36d739b0a4f.jpg,28.70096494,0.78965475,0.986515994,28.52434643,0.666260359,0.951099098,28.59884495,0.64074021,0.94903808
e4e61292f8e04f7c34d5a3a08ecdeabfd0cbf9ef0bb62861b441c774.jpg,30.02659092,0.792895906,0.984276183,28.46348505,0.707229586,0.954616864,28.12337791,0.695582515,0.949945732
2a798f5c9c2563ce9f74d9d2b940c8aa1ad2e8300c7d0655f478e12d.jpg,29.01478945,0.79050735,0.979560961,29.24348284,0.706688507,0.908289918,29.19410201,0.594328325,0.937386182
a16485835f497a5cb93346a9625ad175cb6f0bbba44fd26ca4cec517.jpg,28.66306886,0.721996687,0.97933751,28.79144713,0.4025498,0.919756637,28.72255843,0.384737132,0.96288482
30a991b0c50c69082700b15c95e181401eed5ae63f4f04740ebb2181.jpeg,29.00127827,0.767609799,0.97081844,27.79618907,0.54856613,0.931125171,27.72386028,0.384157042,0.949480033
3760edc24c10b01002588c2ac866aff60919867d6dbc568c2b8bb4d5.jpg,29.56202473,0.86223189,0.983140064,28.4308043,0.751272998,0.934799486,28.51425447,0.784015095,0.980857849
ec0103bb14b799d145afbbb4cf178bff1032d064ca0f6e91092f99a8.jpg,29.26821166,0.793757487,0.977011382,28.31733457,0.559363636,0.939004334,28.33232738,0.54604823,0.923908283
fc47e895664acd344405d078e5e340e10ee7af08a422e83001805d08.jpg,29.44850823,0.86622993,0.984755472,28.41029109,0.694900275,0.941580652,28.34305655,0.670007372,0.954085704
a4c0e68550b4a05ddcb30ee1c5fc832f7521098bdc4385f518bc0703.jpg,29.29638435,0.789830733,0.984295657,28.61098279,0.737929164,0.957660721,28.11566516,0.685609659,0.965683578
2e20db3346c3d2a8349617266e10efccb1062b80d672b10217972c2d.jpg,29.4361051,0.881686016,0.977413799,27.87379611,0.656416319,0.953285647,27.88853981,0.648168913,0.933234944
f92121975a8a28b6ad1e9897a9ca022b573dabafed4b740b345c82f2.jpg,30.10183586,0.866755606,0.975472389,27.79549955,0.777168771,0.930689642,27.71438575,0.667695029,0.934233916
407a693e7d28d0f8097c6b4f4462f28edd8e5084c12580d73702e485.jpg,29.48101162,0.757054583,0.982535757,28.19756561,0.695391051,0.944683286,27.90613697,0.657658446,0.945827773
a29158412b0b426527c6fe9a6fdf6279014c114d6f60a84d3f6209bf.jpg,30.23553929,0.872706506,0.98229706,27.83717988,0.757018425,0.947932496,27.75115277,0.737852965,0.955886439
664c93265334f5a659e2a36532482539d094362ac73d3656bdac18b6.jpg,30.23413297,0.839195314,0.97863693,27.73757994,0.659752875,0.943286551,27.94157475,0.68027117,0.945669234
e1cde7cd561137683143ec5adbe2d429d5da2bc867f60dc6da8912f3.jpg,28.64241434,0.842366092,0.968227599,28.11602056,0.650053165,0.936631494,27.90452867,0.562694229,0.965574933
fd3dc7b108ca51b87d534c9b7ffe6969dc8618913901e2f67a6a5b8e.jpg,29.27741079,0.819644386,0.970804459,28.28222611,0.697729106,0.949328568,27.98195933,0.643666438,0.950772247
1035e209a101c5f89ca588813edcec728cb38709746f2bb009cce032.jpg,29.06014461,0.501049924,0.982286245,27.92949801,0.343073297,0.901853121,27.75522057,0.322258219,0.941583034
12658eff918f4b2103d698d76d94547f47f8d3c55ac8d2f11f53a019.jpg,28.71462775,0.706312407,0.968175172,27.96735231,0.572444895,0.946917914,27.85962686,0.54439087,0.956171606
0c80e6f3b56f8965c3493356dc9f2cca171c425010e429496dd2989f.jpg,28.36815074,0.783776826,0.979390735,28.14849014,0.566261078,0.924293807,28.15238873,0.464292418,0.954793965
ac5920c14d04ee8fc367093f740d358c655e82b5c62726559030cf98.jpg,29.55513627,0.866387784,0.963307263,28.01509961,0.678149442,0.923728421,27.90864254,0.711019868,0.955261668
27beff6a1a43b8b648884fd069977dddd9006e61f5fe009bf6d3f10c.jpg,28.66788682,0.661863187,0.967386849,28.19552875,0.536608024,0.895567348,28.35112883,0.478800551,0.936130222
76e22b823d004a19d314942d84b1f784b73284dfe6ad0b70bdd8a1bd.JPG,29.69597716,0.74633946,0.985127714,28.35443619,0.627369962,0.906118532,28.27986642,0.63047103,0.94011738
6ffffd9f9e750f7dd15c02fbdc5b96c359b22bb239cb03e2a99cefed.jpg,28.26211786,0.887366799,0.976774191,28.04237091,0.752099296,0.905141837,27.92398987,0.717239958,0.920985037
b66579354cc300db408d9a63322b30240f28a28785167f81ee62b27e.jpg,29.99320866,0.86993952,0.979538488,29.04971383,0.7578988,0.940206155,28.83958068,0.703535612,0.937301362
e2c0b1b7de2418025ef4143d56df9dc5b8a7de1699346164988c1ffa.jpg,29.07638799,0.715031137,0.982254709,28.79999892,0.468297834,0.9101722,28.46418531,0.44578052,0.911610345
5a4f3bab708ec8b17335492b4d44fed41aca616e6f10f84a1234ded3.jpg,28.5030672,0.791023599,0.975393837,28.38341958,0.660044999,0.92791444,28.07242916,0.56024124,0.927929003
c68220474b2e0cbd6bec6d8c39505e26a1aeaafdba3d2c6918011b19.jpg,29.1770311,0.851041986,0.973823251,28.14663757,0.699347087,0.953472911,28.10117332,0.652756105,0.933455219
6cb949a3f743452c5be627fcc8a2f78aabc8b148873b74d82a572847.jpg,29.05058886,0.832892168,0.964997292,27.8820904,0.566472784,0.924693166,27.75499766,0.509674661,0.928232625
311de24868ff3cd0503202b5a4d1acafd359cd0d9818703514d39adc.jpg,29.62531578,0.870635497,0.979710033,29.21005535,0.816962185,0.929040126,28.86414869,0.796978742,0.942555414
284bb0233284229d8def34804c56136ff8f690a60b5e5cfb7ea93e82.jpg,30.6274612,0.81252935,0.983443146,27.85317225,0.670242942,0.924219175,27.91335496,0.711978941,0.971443909
db77f1b304a5c5c388ecd3f597b0054321a3a0cd5af901484ce445fb.jpg,29.37446107,0.823396892,0.985057814,28.08698062,0.633827292,0.912489496,27.92416552,0.704356247,0.937638064
23839ee2478f2bbb65d6d4c2fca3e50cae20d398c0184926acb16268.jpg,28.88361622,0.686622567,0.98048728,27.87937498,0.600202559,0.924593869,27.96374551,0.568463404,0.953210131
b310caf7d7ad1d0618a16e0c38d1bf5902fd779c8f197646e8b39d00.jpg,28.34835454,0.744935033,0.972147505,27.97545318,0.48418058,0.934932763,27.77665678,0.438392169,0.941095505
45d4b56f65ca13949ba36a9a7d2d6f3c5d6a38dec15d21d694e3e39b.jpg,28.49470255,0.743997253,0.979419873,28.96199727,0.64732576,0.953974345,28.34385344,0.566267596,0.953024212
126ebb792e2e7fe7947f4c31e120c7c35d4e36a30f07b487ff8cc321.jpg,30.25420525,0.843654483,0.963661986,27.98035577,0.714350183,0.960618225,27.73013392,0.716621945,0.971062548
bd4fdce0cc537c783ca905ffd6dafbb7b9d2140d45c05b8e3356f1f5.jpg,28.6670256,0.548774307,0.980291696,28.37051987,0.382821315,0.960596422,28.27605232,0.3659382,0.949727831
f40b59e585adbbcf4f19266fa82732fe28639eb4a7eb353eca49d68c.jpg,30.16602793,0.870621554,0.990820743,27.78192447,0.792930606,0.963782663,27.74490805,0.754391874,0.9436127
b5dcf469c0c4430844679fe9b20cf2b386f755d002cfc9f011b949bb.jpg,29.98686802,0.687346089,0.990761415,27.72342073,0.565134759,0.957086118,27.75843231,0.532391849,0.963688972
bc9ad400db82eca1882b11c9603348fb3e92f5b0d67391ac22a1bc79.JPG,29.32028661,0.907990833,0.819943332,27.85559194,0.559145495,0.857906713,27.65908302,0.484685742,0.865992046
745ef9861c9908cf13af7dc0b59ccfad9d46fd8d362ff09b70ea4aad.jpg,29.30239017,0.741988957,0.972762178,28.65449917,0.603569846,0.947055535,28.40642702,0.53371567,0.952657614
d0947fc63cf73411f5076de799edfd11a6448f5759076d5f5d48e65e.jpg,28.29206372,0.774185884,0.959156709,28.58081955,0.651675642,0.906334762,28.10595125,0.563598004,0.917690042
0d2ccdcc507f41e99eb346e6b68375b211829b4e3160678c392c5fa2.jpg,29.874574,0.882610135,0.978934013,28.16235563,0.611332042,0.948086105,27.73678891,0.532079585,0.954405408
f3ed592a4d03fdf66648879968e4707624897ce105b2ec505c12be16.jpg,29.58137434,0.729644281,0.974065396,27.98216746,0.613555079,0.947378498,27.78188829,0.573963694,0.957905823
b87a95e0f20e45ba6106acdd5664ab825c39df13e1f975bbb38653f2.jpeg,29.30444656,0.730581914,0.972292993,28.21077851,0.634421404,0.935824886,27.71918467,0.596412473,0.955390863
816e236de97962a051f6fdbc1b3aa664588819411b0d0afc86b8f590.jpg,30.09641054,0.854358558,0.981724898,27.88867708,0.761414316,0.941951674,27.64716138,0.762651018,0.93352842
cb13ff5882040106b80c86a3728d4e1046770c968699fd6a00957c96.jpg,29.55778687,0.827087889,0.975617667,28.48611299,0.687757415,0.927517672,27.89721545,0.568244761,0.969136869
ec5dc4a13f50e890b8858acbae1882532b094d7ae04229b92af25643.jpg,28.65302845,0.783892147,0.972925433,27.90131822,0.615203684,0.934840889,27.78728984,0.600178307,0.957725412
6104bfd16c573934cdef2228d63726b890c96411854e28b4175a8840.jpg,28.76189583,0.857253189,0.971823567,27.70649244,0.587623579,0.877063942,27.9144275,0.555224049,0.924837095
0bf04c72874a838cbd378fc54891b947719a15292fb69d167bf9a8f6.jpg,30.4532452,0.767535411,0.964824872,28.79861961,0.686182444,0.93550027,28.44643043,0.680997033,0.928402439
815a60a2a08c57dcd2a16a8bae8756ab005527160aeb9dae6fcbc086.jpg,28.67422066,0.873405238,0.955406415,28.0179711,0.656224308,0.904953029,27.63911955,0.603506653,0.907754586
81ae76d7e259fa3688bcd8a9262f2c60be92d8b05c1a74bd0b3d4964.jpg,28.42556209,0.787834822,0.976211081,27.89214774,0.556278925,0.894165914,27.96992101,0.541997825,0.951361069
ad925addf3f87453d5ae36c7f9fb4489a456683431014fbe9636517c.jpg,29.32343465,0.851020063,0.980770833,27.9098821,0.702121347,0.946455998,27.83268181,0.717408509,0.962132214
ab77ddd42a5a7400744d0d6ef2c3586a93f268f1be4dc2185574c637.jpg,30.58082762,0.865881724,0.976867983,27.99555406,0.731684345,0.941186205,27.96946059,0.71386215,0.926855475
da6eb979db3e49c3eb458b5f4f2c583a9859718010a5e6add7ae7540.JPG,29.50379411,0.805484185,0.961935212,28.06444882,0.513573726,0.93353453,27.90087581,0.447355967,0.941329982
73e640cd6f4b0f767e2c41ea994a15bb52b1f01c01954f68bb4e8167.jpg,28.40145964,0.734065962,0.965152562,28.35143601,0.457087998,0.91550912,28.3761903,0.480156217,0.951654764
8e9e72119dccae2c5dd29ea5767d9a478fe730f4bab7a51671a94c61.png,28.87252463,0.806676956,0.96747085,28.74901878,0.558703501,0.885403955,28.1518073,0.548152733,0.917168533
d41959903ed0814d5dfa7070d94f50eb53953e7d87598c5b76c4197d.jpg,29.62284972,0.733966228,0.984833231,27.92537614,0.631260647,0.940818695,27.8419754,0.58317559,0.969151023
e20c29c4a4cc2f9e78c8edeeb1c6bb518f2bec48ad2bf727774cbabe.jpg,28.93611477,0.763280601,0.970418547,28.37615614,0.495455873,0.887559763,28.22548697,0.429444737,0.941023938
7a11767dc8209880b4a521f538c8abc2e5f92bf3ddc0b7f4d5951269.jpg,29.43965719,0.872497439,0.950985951,27.79154412,0.54346439,0.86542593,27.68030109,0.363130873,0.926764546
14d0eb736733f8766168c4143dbb01506b9f82ac88fe5f0c70366b92.jpg,29.38202237,0.673929905,0.983291925,27.71318436,0.552527211,0.939456407,27.84645938,0.531301435,0.955921005
6aea85e8b5fda776969e3bc3497f017b12202d8969e5a441613b1e1a.jpg,30.16907928,0.887942229,0.971387932,27.96017706,0.710664501,0.94770291,27.95316202,0.612855949,0.94008776
87570657195c510bf413997e3043202532fda170888ba48a6fc96af6.jpg,29.34924972,0.83711123,0.96269488,28.72220695,0.502793981,0.911170033,28.71519649,0.375728424,0.934185616
bbf3fc65e638afd01081b8bad505b15826efd355cafe0f753274ef42.jpg,28.97195278,0.91257519,0.975000253,28.14487498,0.713886779,0.925569646,27.62581385,0.756890154,0.945464434
49cbeaa8c4674f812b67318d84d5ea41ba01fa03842710bd12e4b80b.jpg,29.06207191,0.64267274,0.983260869,29.47742687,0.772318064,0.939642339,29.34008008,0.738497676,0.950570912
be1bb87df2b82072b1ea6f46bf660216e77f774c6d8f7facdca66c28.jpg,28.46071178,0.749916153,0.952746191,28.59513573,0.646150446,0.941181159,27.86099672,0.48356445,0.925757368
b48f08540dc77d0616d7bbde2dfe4ed12ec4920d68d9e636e17cdd13.jpg,29.00825887,0.786277188,0.985339726,28.02142064,0.571766531,0.935339041,27.95178345,0.539272638,0.946917238
a630b20b266a01e2aa4d5d25af066690535e2d740a8d757e7a039845.JPG,28.7926419,0.869760658,0.971720213,27.87311718,0.712732738,0.95150107,28.35174473,0.685301519,0.971885589
be9a241f331e072479bb4b78c19638eba08b14194c0aa0e31f6140f7.jpg,28.8313395,0.80410641,0.981239343,28.04464669,0.487885539,0.910479991,28.02198754,0.432752431,0.974935087
469011e2468edd55cb6f674f89bbdac7ee224784cf4e774811de6a62.jpg,29.21909841,0.807239163,0.982217799,28.44605907,0.683544915,0.933219885,28.26117267,0.624993606,0.930305295
b532cdc447f99ea377854ac37567362e68de35483e9455a97d94deee.jpg,29.69624438,0.916094098,0.990728064,27.99072648,0.751574857,0.942127046,27.73721363,0.750049922,0.981624091
0e6bc63f9a9c4d3a19f42f2359264153ce78c884b7e3e0482adf01a4.jpg,28.68945534,0.856762863,0.98615769,28.22294659,0.691474486,0.95122999,27.7547984,0.543701317,0.940159952
7faa1f2c63675c5b415f756b8895fe19d95585a689a2394d4c5220c8.jpg,29.83347986,0.856805467,0.987012265,27.92905825,0.746866192,0.978746262,27.69621148,0.681065602,0.976853075
bbcee809b7b4dd039e5b06d70e33f9e12dc741eb4da9f5df76eb7e9a.jpg,29.55792622,0.848350626,0.97726827,28.03902446,0.706366806,0.927885725,27.81101652,0.640481458,0.962345066
fc1daf0ab0a7acf4e5d32e0ee0017ac00a37dec6afdd059134187970.jpg,29.50381028,0.884206238,0.966117987,28.11948774,0.705749796,0.941997695,27.85028963,0.710320625,0.953705248
6bfd9366acabb61e49c5927779215e780e116cf443b0fb0da3c5f970.jpg,28.65856522,0.749500776,0.974762721,28.62261065,0.625263692,0.947846831,28.34430973,0.547112735,0.950695192
b3031bc676299e0f26a5ab7c55bd9b951876b2588bc75fd074b6b87f.jpg,28.97337266,0.835078755,0.965663993,27.92999216,0.589696969,0.923749608,27.80398336,0.543340792,0.967871347
971671d0f4da4c6907e3405197639f66455e939b50d74dafe5839dd2.jpg,28.47359918,0.822301353,0.975666684,28.53166844,0.540989212,0.936698104,28.54996404,0.428216883,0.936303685
19c5da2f5ca795d4cec7007259771834b9ad9d8c6c552d5c6a2730bd.jpg,29.44985346,0.795907136,0.981331015,28.03941801,0.555409788,0.928190046,27.76472108,0.573502741,0.962833183
94b8539e406cf9c381063f8c67f6af9efef05940e968cb5acaf3e9ab.jpg,29.9133862,0.880890535,0.969560457,27.99932295,0.691964054,0.926494643,27.74188709,0.607771461,0.952897735
9e81e83fb512b5086c0e5ac9d09bf17a70c25371ebde07d5f51e893e.jpg,29.92611837,0.879061094,0.964570948,28.17675562,0.707388686,0.925923498,27.71845092,0.61061687,0.934601433
271ffc28333f8ce21c120376310a8616d3f47eb54c2939a60373ba99.jpg,29.69051941,0.852897843,0.978650832,28.31244674,0.663814567,0.954285943,28.39467524,0.66413917,0.968421579
8c273dd14ef002f3fd5278517eebccfcf824b479b549db4732a25ca4.jpg,31.12796339,0.931996362,0.987728729,28.13175277,0.703074239,0.928501933,28.08252395,0.725810807,0.962106442
591163ed8c7f7c2e70ffb0df247464cc1dc168d68791cf2278a2c0bc.png,29.36271521,0.86384649,0.975717149,27.97019532,0.744284749,0.941074934,27.77984494,0.758456555,0.965174957
79adfbe5a886dee9da0b22c40af3b3e1100dc1facb8c27cc595c6f5f.jpg,29.40715408,0.859969757,0.968140683,27.92377201,0.718737701,0.943006704,28.09997729,0.735782737,0.964384769
9c4a8c37f4f9c6f3dc03e081bd5cebbed32975e57c2a95d3059f0e1e.jpg,28.77709493,0.872749619,0.961614082,27.95843571,0.664194688,0.907967304,28.02138427,0.774011918,0.968701179
b92a00fd58f66b169501ad7fccb41ed56080b3827d9662b02e27388a.jpg,30.50771965,0.915369473,0.982793327,28.115194,0.733267929,0.917560346,28.11568464,0.758051576,0.938544213
3c60add372d317cbe060483c27459fd7a059636cfed58fa6a0d440ae.jpg,29.21130771,0.778641553,0.972824545,28.12082212,0.59061709,0.911480641,27.79757305,0.48084073,0.954924919
6a480cbf5861cd0f51e0bef0483a4655655cbbbc74cc556daf3c12cf.jpg,29.71419809,0.840032598,0.983116984,27.70327501,0.59196796,0.919035353,27.72949485,0.630021616,0.941797421
d1e33a6849cdbb8dd934e0be5d91b02dcea1ae86543ebcafedb984b9.jpg,30.0767373,0.791279779,0.97672381,27.98101506,0.635471724,0.898416496,27.92243845,0.657638995,0.943353134
fa3a6990883954b26c1436766cb939b01dd89aee3250a38df7824e8c.jpg,29.00719444,0.666901689,0.987036378,28.38378896,0.571331684,0.932820396,28.28728444,0.533614293,0.946204569
57273d8e6e0da6d21e52fc9abdc7bfb56be461632fb07a0db472bb59.jpg,28.94587894,0.804530613,0.972299675,28.72930033,0.575691828,0.939659611,28.59268082,0.532317836,0.950864511
4996d9c53803f340381fdd7f578304e17912ac39a207a1c7ed36e0fb.png,29.81166027,0.910265807,0.9796047,27.9198773,0.773801632,0.915718798,27.75715219,0.740402901,0.942417047
927b165579047d8a92eba7b925b5956a5f93fc074c6262a42336970f.jpg,30.32288786,0.850925563,0.97756925,27.8897511,0.699957365,0.93673986,27.8063072,0.649437647,0.93616746
1f310bef9542a59b45b5127d203c322dfdd4322a87f8d04c3763ee91.jpg,30.47355494,0.918575208,0.98164043,28.72385689,0.820243645,0.908712835,28.69525369,0.827593848,0.942232907
72f14b6dc5f915365afb83982a0ca88033255ae276fe1c2681cda690.jpg,29.66806886,0.804006059,0.979849563,28.03566985,0.704476106,0.943298587,27.83332309,0.656130328,0.936290323
a1e288c83bc96ffca97c8fdec1c62cb9281b457d331fa551701ddb75.JPG,30.47319203,0.893448122,0.983334575,29.0369938,0.784300138,0.906268299,28.79517678,0.760921705,0.937602684
6b5a7c5e83211281b4736af49732f6822cb021debf19d2db0a060017.jpg,30.12555656,0.854473993,0.965392064,27.75893393,0.746602956,0.928211305,27.77927299,0.729740652,0.93992611
a959d3b63d36c2081d9a6d12192338c561f4fec883fe245d9c994282.jpg,29.81840363,0.754342084,0.985449705,27.90168794,0.68866557,0.921799541,28.0114321,0.668089621,0.921602233
0bb310e9ba27fe565412efbb57a5116169bbae76d8724f6707da9357.jpg,28.78808506,0.583289484,0.984397148,28.40169469,0.524570824,0.943421694,27.90270191,0.442414624,0.928615513
8d5ea0e70aa4ef6348944f0a83841f6e29b58f6e1361a455fa9f94e7.jpg,29.79970937,0.834969018,0.981257352,28.51225078,0.721518313,0.934762369,28.37370226,0.663592733,0.948522951
8502c6c4106128d5204aced490feb23852cd5bdf2d6c06855955ae73.jpg,28.8909222,0.841037706,0.964730214,27.99034561,0.515482638,0.904082731,27.93161789,0.459908203,0.941663159
d1e8c2f76fcf6bab5f0e42383b4fe9f4c2817645d2f388bf2f31f738.jpg,30.64677883,0.904801749,0.989075485,28.17675901,0.735049415,0.88779673,28.04031645,0.708465953,0.913273772
04ca67dcc435d589b3ef46115351bba494630a33d883b26d61e7a578.jpg,28.56154907,0.832655949,0.980170623,28.03199548,0.582569812,0.904913242,27.82782459,0.525035033,0.940180514
8e532e724de11fcf4b379de6c290fb78cd36835f1bb8310658dad70a.jpg,30.19953726,0.842902626,0.975306209,27.82123878,0.736670269,0.911459283,28.03357281,0.74726163,0.948389994
90282a4518444270514aea5a11b000c5f49764879b4814fd3bf591e5.jpg,28.82673617,0.899395575,0.984184546,28.12539999,0.739100425,0.946283086,27.89184118,0.730513365,0.953201795
b82afc61c8e666eca7ec29030d832bc462d1376728d652ccef32af0e.jpg,29.20254275,0.82636688,0.979048635,28.0740183,0.572354804,0.937979184,27.69199323,0.517565531,0.960069355
bdb8af8279591630b747c4a1b0069dba0707f0ff1e4f32787ce38c41.jpg,29.1727387,0.816963108,0.976155119,28.38849338,0.671305764,0.943911249,28.05047365,0.655594671,0.945913146
98c6bd7203ddc4b4ead2336366fdb6c4247e292e3dbf837d07e1c40b.jpg,30.2714463,0.835210389,0.963323233,27.77435036,0.69958292,0.951063922,27.64467504,0.670423513,0.95117557
90b977b063eb1f5577fbf013859500492ab5179d5dab15d67a1fc758.jpg,29.19480749,0.883163628,0.970148877,27.93072436,0.531837374,0.954844277,27.65205476,0.471174197,0.964713404
56ac25712678b67252aad3bcb501a8802cc644dac1d018d08d2e647a.jpg,29.52136667,0.801987382,0.978323248,28.30290739,0.610851177,0.913894274,28.27031622,0.599489166,0.950508225
eea648179c938bbdaaf9e37521e07eaed9aa37c1d2208cc06df4cc18.jpg,29.55555254,0.857044948,0.984491686,27.92804547,0.711351624,0.954187457,27.86140765,0.639189485,0.969579076
c94af263c894f4516ceedfba468f152530059af9adf56afdb1c25930.jpg,29.78177959,0.854907443,0.974706414,28.11680931,0.746222636,0.930449445,27.81844189,0.726191253,0.952760032
c82ac9390e13eba83b8d490e55c0db04225b1427530f29449400c561.jpg,29.89081914,0.884946494,0.96752001,27.9770001,0.766632888,0.921126336,27.80584793,0.701229396,0.941194375
eee3297f790df2f5b534c1dc793d0cd868ff3e3a812e0480e876577f.jpg,29.16674913,0.773686778,0.988897983,28.134119,0.662863519,0.965893492,27.83739006,0.590369874,0.957400413
8151884c4ee63a81ebd30eebb7096c30bcafc73623c328358c390a2e.jpg,29.92401764,0.798167271,0.988522514,27.74236989,0.632032465,0.954864633,27.72872462,0.630863659,0.956798365
7f62b10cc0d1e34e9534977934fb2bf81db9432b4a2bf32a4cadd4e8.jpeg,28.77921873,0.782516902,0.980880643,28.52946447,0.460909455,0.937158349,28.44200304,0.358157813,0.913536728
7b7a2bb4b6bcf54e734a5aefd5fdf51589cba1e2e29e0ca402426b6c.jpg,30.29979571,0.879800816,0.972761737,27.86338169,0.698122245,0.921819224,27.56453797,0.577221507,0.942235163
b62b062494d006bc93d5ce54e2feeb7020b9d6a8953af829798a86b6.jpg,29.47979926,0.795891435,0.967615839,27.86582403,0.319231177,0.949892036,27.73971382,0.34001413,0.975608517
c4b653c2738d9f43316faac6d19ae7479be2b1aaa0aa3c370fb57f1c.jpg,28.97498096,0.829936808,0.970464783,28.91351739,0.738143894,0.920831549,28.89215355,0.715865477,0.967831403
84a0c3db3da38ef56db548cdae680d3443eb5292a831b8b08d2ffa2a.jpg,29.85354814,0.797046667,0.989314738,27.91431607,0.53112325,0.950700338,27.83640173,0.48649604,0.948531198
512006fe2259a944eb63b8124206280015924bfe00237a117690c16d.jpg,28.43958123,0.894139938,0.982931837,28.00681826,0.685275138,0.923604326,27.76057081,0.707909804,0.953001916
d7f22260aed7e7c35adbb44756668ee371b37955c2a2358a0565add4.jpg,28.84747387,0.80456269,0.965146984,28.35760192,0.725290163,0.956923233,27.95746722,0.671528484,0.970305538
933b38b3196e5db904ddd3f579e4eafd63bb29217191b12a7719143c.jpg,29.53167446,0.854955943,0.965303378,28.26284886,0.749109257,0.926793766,28.00299805,0.707334891,0.963353571
c5a9a1f3ca45776d65879bb7dcc7a2f8d6c05ffeb86e5f840ae47f27.jpg,30.22518561,0.880216482,0.983395942,27.91135261,0.740192927,0.94106265,27.77615946,0.736947,0.92780028
84f726657b5d5b305974101024e8fbd0981cca268651debf4a207d13.jpg,29.98065655,0.853232232,0.970267872,28.01893836,0.521581078,0.928702176,28.0282895,0.508255113,0.973881459
ca96cc83eca50a88a05ffb29bbe213dbb1a36954356ea11a5bfe00fa.jpg,29.3504505,0.473287786,0.980092235,27.95113529,0.422520771,0.907931922,27.80431411,0.368750139,0.952740754
772afdff2c51a3b423d8222e2d33ef3d739165d44d8314dd95448125.jpg,29.95420895,0.887157066,0.977497871,28.26659866,0.611066712,0.907504502,28.16541338,0.634909261,0.951428079
566efef58738337a9393e747221513d4e1fa5bfbcc6a5edfa0a98027.jpg,30.69454981,0.805094018,0.980194014,28.33407388,0.711039413,0.956571015,28.07201114,0.68054077,0.941036454
2078eef58f57193f6c78fccb71cb067c80bdd5a44c4f214061a142ea.jpg,29.76000726,0.918380238,0.97170092,28.29842058,0.82880855,0.924380373,27.71354195,0.787798917,0.926398447
37ad23510595a866de1b1153a56e94b2e8e0b81f8b64c407ad74f54c.jpg,29.1635075,0.884056004,0.988989122,28.16178799,0.693892441,0.950825099,28.15256158,0.703471085,0.946721636
f56cc911ba8d11673e4c18ba2b08556f99e9a0e892918d3714324321.jpg,29.89357117,0.863499071,0.959076229,28.31057625,0.730951787,0.939870539,27.75896964,0.704380288,0.962276105
32f20d2162df12e73caa1060481403860a4e422c8a54bfebb4036302.jpg,29.62265241,0.894797733,0.963867141,27.75121446,0.526877839,0.9143161,27.70190352,0.354350802,0.91395389
f3c28486336baac92eecee5085a1b50e88e7bf44cd40d38acb10ceb1.jpg,29.80847155,0.756445146,0.984475394,29.84649993,0.738692405,0.937686817,29.82488876,0.694445081,0.919789913
fcc4937c78c3cff78760812b358afda76f753f6e1a1e65be5c623b76.JPG,28.925793,0.905520467,0.983942478,27.81417236,0.696853839,0.904593191,27.84036423,0.624367272,0.944724032
1e2fcdd892b92f4514e7dd176832e51bf3d03706ac091c61d825573c.jpg,29.60016446,0.799202492,0.964865399,27.69002591,0.654807971,0.927683862,27.68007642,0.585461373,0.896036061
45a74b06f3ddaa5dfcdddb7fb7e7684cb550f51062181ae807fb1e75.png,29.67772379,0.79936438,0.961744967,28.02984634,0.702811882,0.941058722,27.9176018,0.671231671,0.918101118
ea20df58c52fc1434a7f138e64f9d3b4a6c51d7862dfdc1fc774ba0a.JPG,29.08736002,0.850766429,0.971335392,27.77440353,0.698164125,0.903622721,27.70313499,0.652394027,0.948248545
42cefef5be2dd2c2e95d7695fc928ae8198bafd231cb7c1bf99bdd72.jpg,28.81859639,0.821457856,0.964793526,28.16587237,0.548435236,0.908169466,28.16154509,0.371413385,0.909720417
bff48b669cd2c3928dacc83623739d58f02aca6f2265f4cc7b095636.jpg,29.9264163,0.623817305,0.987176444,27.905303,0.556158107,0.959002069,27.81481178,0.532172744,0.955479293
0cd51c99a4bcd54ef7b4ea7bb97f039134498ddf0e8feed51d79eaf1.jpg,28.67881964,0.806708172,0.975941853,28.49901223,0.632412072,0.950106134,27.98860754,0.541758635,0.942103351
43bda0f6db59763069536ba00bc2da6a203cf234c90af9e8062574cb.jpg,29.47783517,0.838984956,0.964174668,27.96958512,0.673350733,0.92503605,27.69640749,0.673742967,0.963631377
dbcd2fae3e7cad6f09a65ec142844b1281192800fbd420dcc8af7228.jpg,29.29616407,0.600218478,0.978069999,28.19020664,0.509628284,0.874790681,27.85021487,0.403014342,0.924792944
9f69a4f47a99d0449c7178d4cb749fd2c7a240702fa5c19bd265280f.jpg,29.72178393,0.887292378,0.937034494,27.82062201,0.712250077,0.917907295,27.7135817,0.658219195,0.942581774
27759db9beb5ba3121ed6b4c5de79f17cdeede257eec0c54fbdcb958.jpg,29.97888824,0.838434716,0.979727858,28.63533631,0.720195021,0.907167992,28.33567929,0.703378167,0.960211782
d6f39cb4f12b62d16fe23b2cd2ea5dbd29e79681f84c6affec952eeb.jpg,31.2315597,0.889423255,0.978879286,27.81526326,0.819918424,0.917904805,27.7573651,0.822480579,0.959312778
38e8d0b88ba7e906371cf89180bbc2fde8cc9332934c53e1c06c177c.jpg,28.57506955,0.809774931,0.97483309,27.94283024,0.670051042,0.909501242,27.99274737,0.605043399,0.93695018
6e6ff72101cc7fcf35b9f6fdab683c3ec058af030a668f6e2ba495d6.jpg,29.97100282,0.812096679,0.977831525,27.73501537,0.727437015,0.946148467,27.70251797,0.676162609,0.954649233
97ecca17beb5e663238eac9dbc30d81a9539d0de46c8de45560c2dea.jpg,28.76544167,0.743759081,0.980416244,28.96507798,0.676815569,0.912265056,28.14457964,0.596708709,0.930360444
56c35196b7c0c92dc96e62cce104aef007d76784afe500c03b8dd954.jpg,29.77276757,0.798443095,0.970491314,28.1133137,0.669815349,0.945998058,27.8802628,0.661781461,0.963295255
13dbbb3313d23a24b71664c1beab1be79f8dec075fd4636faa940499.jpg,29.69767047,0.859206027,0.969579133,28.06513241,0.679890078,0.901061191,27.88121786,0.667190106,0.934768477
0cbac3351d4819dd3278bf7a95a5e59283dfdf673cd69ff4e430475e.jpg,28.91992798,0.811148355,0.966067395,28.55546742,0.590621949,0.933914934,28.4361285,0.56209437,0.949981418
2feb76fa3372ad76bfd48994854b008b7a95c6620ae7a82a783faec0.jpg,29.23625136,0.869355727,0.964761119,27.97722719,0.675021736,0.925796894,27.6991221,0.630500818,0.957764674
1271118ae751a7981b9660d67e18d45588aacec56dbbb313d6fe8992.jpg,28.65719695,0.870949083,0.982214,27.98140643,0.692287513,0.933869014,27.89152453,0.6436643,0.934690187
980eb6ac08a574de524bd70ec685426e9d4591e5022f83d2b2b8e4c2.jpg,28.94666822,0.833244009,0.952043027,27.78180838,0.470620202,0.889311219,27.59143269,0.428370595,0.867211169
9b87c4ff7aafbb5daf194e097e2ac11c7faac394542932344be1f3fc.jpg,29.17446551,0.808000707,0.981914868,29.09551127,0.733250876,0.917946042,28.87886276,0.64324742,0.941085002
a75cdc7b9fdb28d531556a1f892fe680289daf193201bdcaf8fbebca.jpg,29.16024743,0.87062382,0.976764808,27.95504398,0.765358801,0.930886112,27.97405984,0.681709175,0.942255549
55fe1ca086abf3b913fe56410cc74295bb7e90bb8ec26dbbc62a4d64.jpg,29.23511131,0.784232705,0.985486856,27.9073519,0.625191417,0.938579933,27.80073268,0.559626791,0.940040209
31cdba140869fa1a44f0142667dd5ce01f83e6b9a5093ed277c1caa8.jpg,29.52529991,0.377452187,0.976083894,29.8450546,0.464558358,0.923784105,29.80581972,0.454885745,0.959327454
922d192c353a8ab323f8d6810df09101d6fb21cb38ab6be67e53dfa7.jpg,29.50501775,0.852635222,0.975123071,28.46682881,0.679694277,0.948835084,28.36618743,0.651256377,0.951398987
b2ad3ae5936bedb3511d9fe79280db28b42cbf41099e4d5b78a80100.jpg,30.0369542,0.878318575,0.966645281,27.91170107,0.778915021,0.941345457,27.7317401,0.735649583,0.956560671
2badcff7910d2b863a76a7a0a62ada9ded832b349d503ec9f5fdae5f.jpeg,29.77501088,0.803097448,0.977117081,28.21306689,0.632479656,0.946879423,27.65069167,0.53223714,0.952790626
224ba8cb415929ef6627b02cfa85413ef0b142f9fe9f99315eaa8ddf.jpg,30.07683111,0.905992461,0.972061167,28.13072189,0.688168641,0.915399148,27.90024261,0.5545658,0.952767312
ced1a3f7ea340da3eb646e0d362f1e472566841bd3ca5df34ac01c33.jpg,29.44082194,0.868366714,0.969801398,28.07274007,0.700936393,0.915484953,27.75420302,0.658459787,0.919817771
a81e905b63665a1d2232bce63d480029e820204e414ae6aebe123416.jpg,29.63578297,0.816916176,0.972223138,27.94112056,0.730332838,0.948640479,27.82281626,0.70470224,0.958852024
268243ae0a1ef6d0393464b31a137392bf407b9ea9818e6557916bf6.jpg,31.55724648,0.961552172,0.9889038,28.07308832,0.831073997,0.919351729,28.22900291,0.844218964,0.944214005
240aa839cd781b2a199af6c674d35027f0758f22db7e8ba6743e123e.jpg,29.57864473,0.714190991,0.976994007,27.93832035,0.600624542,0.942991202,27.79350161,0.547587211,0.954885052
064547e82ae1568a823796cf171087a83be4b9001a17719fbad8038c.jpg,28.89265023,0.867090173,0.958121414,28.42764333,0.640163359,0.91885904,27.84365098,0.512824299,0.889671106
f7480d766532259914c5f4e8516e15b608bfae4edc1f26b0599c4011.jpg,30.43205816,0.884578791,0.977386069,27.83816945,0.71438652,0.933805596,27.65204405,0.586468044,0.946142472
379a238a0dd1043d5a2600be279277631375b3a5014c000a89d00bd4.jpg,28.98821698,0.803347687,0.983083076,28.34303169,0.628930469,0.953421318,28.45955096,0.577681978,0.960861946
f2fcd4e5ad9898604f760c8b5b1e622ac85fb4089384b4c0ae35092c.jpg,29.26614051,0.700340246,0.99010121,27.9830416,0.623854694,0.943442486,27.89166044,0.578078633,0.957713526
c9209e990ebe7178a815957800cf8975a2f0bebd9efa284565ce9d7e.jpg,29.74995011,0.836407525,0.992043249,27.96101666,0.690408255,0.954235022,27.93518109,0.667474219,0.913790104
050c7fcae4ad7fac69b0a4257c7961ffd38f46e85f740011b4e5c93f.jpg,28.85510287,0.753646312,0.978073348,28.90145357,0.660243212,0.920315811,28.81724891,0.632130844,0.924041881
7a7fbc3aabfe2faf568809637f3863681d5206e79012fb096951abc0.jpg,30.15013055,0.717004833,0.97930779,28.06530941,0.660416994,0.943133516,27.82677848,0.656851876,0.959637886
485e59560a25f2efff608107eb434d91b98a527027f102423312c88a.jpg,29.25207936,0.900294028,0.98987768,27.80781417,0.6968632,0.932694362,27.80632643,0.721718152,0.948521714
3ca9b93edbb0ded246154df0a2f393120a88417e01de7c1a3c5830cd.jpg,29.75336082,0.881274087,0.974008068,28.63517334,0.74064698,0.933521729,28.35840833,0.679967812,0.927024522
7e973f7d105c21d9e6d06bdb068e06e89d33e0b80e60d8b7e5fa934e.jpg,28.12840238,0.676658738,0.965746857,27.90442495,0.496692497,0.934880597,27.82030172,0.390720352,0.970511146
d9bf05c51b6d1b089e82fda85e14a88421bddd99eb015595bf13ee66.jpg,30.20803338,0.87329583,0.9708395,28.16066058,0.703277397,0.944276972,27.81131104,0.664608879,0.943917153
986d38d55654b351433d557bd5dfcce7e7378d2008ffd510fb16d800.jpg,29.12533266,0.795652733,0.966892988,27.89790093,0.685381779,0.932412427,27.79979672,0.621330234,0.932505519
be3f8e878d3cde6b34e25b8f5dc6b86d7fb578731fb6eedc0dca4f9d.jpg,29.43802814,0.831994431,0.977939258,28.08972554,0.647962255,0.950092051,27.68694393,0.490713228,0.958881833
6c86c39d593783031c48dd3e7d61c7763f6ea552b22662703cc6a134.png,29.98526816,0.86944779,0.969948298,27.96516507,0.734442974,0.929022347,27.68874009,0.644752406,0.958883463
51fa693513709959cae0cad97ca10b9bbc92f1652200efebc53bd9be.jpg,28.87141193,0.710731455,0.983238175,28.8821256,0.678191346,0.936627385,28.90487037,0.645369532,0.954412648
93ee71edda27e38cea791771df3b4581f846572da0365493b0abd511.jpg,29.35610783,0.883642077,0.980331427,27.66026322,0.689529627,0.904105838,27.70614798,0.64374166,0.914564316
bc12f8f08990295d556bfc602a432339aecc3ab7cbb9931c7d8c2d79.jpg,28.74780214,0.898946071,0.983810047,27.87203883,0.732423859,0.955545718,27.63732744,0.669642845,0.954394816
a88aaefca4c59767ff0fc39bff691b4865efd91fb133c99c15289f41.jpg,29.54491015,0.730296333,0.973017229,27.99330396,0.588066705,0.950924793,27.64796237,0.488973429,0.961791706
2a1251c137c9f8074c21e5fb1cde5d67058b41cdfd1bb586f07b4eb5.jpg,30.27551491,0.863010945,0.981940157,27.89170283,0.726351357,0.965926263,27.93185502,0.698303095,0.94971542
13acdec854ce1e47822956b9d6ea2e6506327a3f31779377658ab4bb.jpg,28.47296155,0.852053111,0.983506596,28.06455464,0.609183959,0.947973883,27.80946976,0.572715717,0.928279531
9e9c89009f6c0955a3a7b7da832393a99444b1bdde007825ce0327a3.jpg,28.62331614,0.888249655,0.964745802,28.0147589,0.485277313,0.899386216,27.99129832,0.324047859,0.932465815
ef608e0c45cd8f500d814ab4d6ed4db74de0f17fb17dfae89332b2d0.jpg,29.10013532,0.783431979,0.981448712,28.27894038,0.697893026,0.950714227,27.73720414,0.618583617,0.944739047
15762b5eb689f2ca2026f7ee4dcd35c7e349c27a2f83274028fe5616.jpg,29.10200952,0.818605828,0.981829121,27.82989226,0.71600735,0.934986423,27.71906106,0.632110777,0.946317453
8be25f0a6c78a32aa8b89bea8c925b81b60bfa18c159a6438a566398.jpg,28.96216155,0.863430893,0.983906382,28.59421663,0.689860413,0.919167646,28.65322143,0.706583585,0.976512349
26cbfcb9a0ec86d0908a729c48461e85e345b9c941fcea6bdfe1b974.jpg,28.57710422,0.843065367,0.984574737,27.8252955,0.780326174,0.912886413,27.9994694,0.785153252,0.952151884
a7d0726f9ef8724cda1d38d808ee0862832994cc7a6713a07fc4ed03.jpg,28.64745744,0.849079022,0.983952779,27.88539198,0.689798952,0.948958537,27.75335636,0.577905387,0.956887793
c1426a653471c29a56f5425312224f2662cfc373ebbdeb649df106ca.jpg,28.95261079,0.860335594,0.974162509,27.9073792,0.684251223,0.905203434,27.68095636,0.579501837,0.944502097
cbf03e9e16b3a7208c23ca252df6932a34e1fcd8e53a344acc76faff.jpg,29.09965273,0.875892615,0.972583226,27.86074934,0.488926119,0.911054197,27.69730285,0.479372674,0.947421565
67b38c2248818652099453a6e4e391515c5a86a33fe4b403c5a16bd3.JPG,29.26778487,0.788874686,0.958103118,27.92790228,0.50185562,0.902631335,27.87968056,0.460833376,0.952634373
895deac29165f4e3ac4a1480d77db0c268691f1b2a3d100b822290fe.jpg,29.86813185,0.70347274,0.951939762,30.07673455,0.573680429,0.882323593,30.0225769,0.536990151,0.900963272
23ab943dc8286134f3d9834fb5900c090e8522183c247c4614a6bbf0.jpg,28.97066389,0.845448595,0.967066258,28.31129633,0.661509008,0.899993531,27.9709442,0.584470566,0.902208915
74c09ba8050b10b665e48e9d0c2490df881376045125f6c1c3402e06.jpg,29.35402467,0.686214579,0.974922116,27.90335257,0.546504402,0.945878591,27.80578004,0.514571534,0.948500846
3dc3623e5f865f42639d55f98cf7b3a11351a9d0cda0ca5d665a0c38.jpg,30.43965165,0.82719154,0.978713914,28.19075208,0.71266873,0.928238576,27.93786223,0.639438009,0.956218827
8fd930ba4d088754c47a8713ac13eae3537b83275919c7aa243eb057.jpg,28.9558268,0.887007335,0.977420405,27.90976222,0.697824803,0.902421701,27.97592552,0.738832078,0.945028509
60d8eb5e2818e7ea63781c2a99aec5dc77aa33d572562cfdd06408e0.jpg,29.29722703,0.809483956,0.977109455,27.85607134,0.609159891,0.889217033,27.69823162,0.525560276,0.926202564
5bcd819dff6e755174a39bdf43a9d045ba08151981983077c914e77f.jpg,29.23600364,0.811687305,0.975440857,28.05867049,0.714771397,0.93937953,27.78987013,0.661948156,0.954617453
046bfee94f26d789a99032e15752cd7ac11d5bd9c982ae444d1bd415.jpg,29.50137031,0.769367166,0.974653558,28.42275708,0.6575318,0.899213165,28.41609869,0.616436267,0.905123301
b5b9ba146e451e56f237f5908cc636fccc49dbc84312c29f50c00eaa.jpg,29.46107753,0.740792267,0.980962284,27.85449697,0.622985258,0.942918019,27.75636857,0.601599566,0.954832828
ec63d616bb23772598e9d929b088d104502827d8ae9bbcc6fa0fc4b8.jpg,28.90055013,0.882222494,0.982955262,27.93224426,0.613645037,0.897654355,27.57958757,0.535922922,0.915336266
ababa03c5cb7cd4ad8ce446a7478b41f761536ac007d347f9f54e9ad.jpg,30.46148412,0.822800871,0.990201781,27.8796347,0.715327565,0.957238319,27.77038185,0.687131432,0.961442942
3425a55e6e4558833de5914285f2150cf0b76eeff1ed5b19994a8eff.jpg,28.51643748,0.830509538,0.964617492,28.22029304,0.499458456,0.891901375,27.8482224,0.460938839,0.898697919
0408f10494e94dc4636d300381fcb1507269bfb3096f0028d7641a32.png,28.4797958,0.775635937,0.986253655,28.88323563,0.437326553,0.913325668,29.03727693,0.468086807,0.939057045
818eeca80ff1dd2e2b7a10e0eac0bc7b147e1b55e4b474526a459c95.jpg,29.41453341,0.82487275,0.979234087,28.51764282,0.763873693,0.923238712,28.03222949,0.693970818,0.932416947
40d2339494ed205df292701f21f0b36937f8a8ba4c06ebe2fc8251ed.jpg,29.54730469,0.814447474,0.947201463,28.88771992,0.593808667,0.86337097,28.98424058,0.4570579,0.942990367
59a1343f8a00b7383454e51fedb3d0f8f139254cf1aec9b8e77c3402.jpg,30.27166117,0.874363745,0.963706099,28.20766377,0.750447714,0.934175254,27.90384922,0.699307589,0.944983244
f9942e403ea9293b66a8240206749da3052de39ee155c98178b3ce5c.jpg,29.79800973,0.869429824,0.97053266,28.18492356,0.790787299,0.92590115,27.78716184,0.740251352,0.937622675
69462d9f0a5bf5437064dc77a2e4f2e11bed3b43e1f86324e3480534.JPG,30.10442223,0.758081499,0.984131753,27.89697692,0.688112876,0.935283608,27.79749017,0.68379892,0.957287064
067e99f68f6599d1c436e262073f9feea567dd7d9c85ebc0e9cb2e73.jpg,30.05988621,0.896133631,0.988913903,27.84366865,0.839217076,0.96171528,27.82639608,0.81254621,0.953694322
e6ba566a8bdc6ce8ecef2ea03ddbf7fe1f26dadbf64a15b7f9c2e56a.jpg,29.48867702,0.846657013,0.975400826,28.94796769,0.614090539,0.95592383,28.64296806,0.560788706,0.969255903
16e003c250d09db149ccbae9e92a32b6cba829bf4de90c815effa5a5.jpg,28.89668796,0.498996691,0.973917428,27.95616983,0.414252813,0.92822521,27.83944548,0.373487002,0.94356894
3d86609e1efe7cf760aff7ac217ae9406bed09b7ba426483502719db.png,29.33251481,0.663194596,0.967204589,27.99089799,0.363370569,0.913719404,27.71882765,0.326734653,0.895305631
b22a7e1061888752dc52ddbe4d78cbd022abd0b3bcbb5c5e7db5d977.jpg,28.99080457,0.746649724,0.983720372,28.87829413,0.737845933,0.956364838,28.91270724,0.673189647,0.969765955
207a6dc00142fcc5ed2503a59db4b1fb993f533c4a241bb337fab56b.jpg,30.17582109,0.870724718,0.935575713,27.76411917,0.32636302,0.921034065,27.66264266,0.175252765,0.878483583
e38b2a6d07553fbb1063bfe12c4e9dc9dd7d61e468bf77555246d71a.jpg,29.84522499,0.856248473,0.979480409,28.30059524,0.731726965,0.959206463,28.06442168,0.669615215,0.959690126
89b279eab8e967b40b10a804be8c19dd82e9641bc40a3960f578be0e.jpg,28.851036,0.786221405,0.964941228,30.21287193,0.687952453,0.904329314,29.98082613,0.662807071,0.936030342
549ed91a7af40bbad9686c7fa24ff9a322c65a1189ee069200ce85bb.jpg,29.3424757,0.671175372,0.977916553,29.52201531,0.686389273,0.879127409,29.45384446,0.662284889,0.905081512
72466adc9abeb87484b7d9004993b69f945b65687c1f4830d3e53103.jpg,29.00814198,0.755857583,0.985061507,27.98944882,0.525175465,0.9366466,27.86025126,0.484970789,0.950633324
fe97edaec3f8a36f8cb20cf4baf113957218bc1bd5160b7acd08de66.jpg,29.18396226,0.785231334,0.982818421,27.96807772,0.575819425,0.934853682,27.76098366,0.439395331,0.925641235
0fabb1db09973d26d199cd26aa918f52778aa2471d949fbc44bff8a1.jpg,29.45962002,0.845775049,0.990011421,27.98638037,0.593422703,0.937986867,27.91078762,0.605233091,0.922189067
2c3428967b01960b1c690ba6bfbb1698744351f0c740e3d6e9a843d7.jpg,29.05629261,0.877351249,0.98223281,28.19886531,0.741486328,0.9593923,28.06381653,0.734319839,0.9462942
3c577b0f0f110d54f1e55a4f29d8c7a9efe5738bfdbd5b9ae219f9a6.jpg,29.75570155,0.947758396,0.986899618,27.9469249,0.78490494,0.964886419,27.75471322,0.67220515,0.955084375
697cd0c9a8cacefabd8b4b9e9ad5545f85c9481c919664e938dd1837.jpg,29.97883878,0.825731097,0.978334908,28.56302631,0.736243899,0.93750429,28.39775337,0.714612607,0.942671781
130a9b3b5e5096370a18ee19e559a5bf6ec1e80653865d451cf98b97.jpg,29.18436253,0.694174183,0.986589499,28.0615471,0.580401006,0.912924411,27.80613526,0.598564255,0.915602976
964759bc9dd3eee3abb3493bbd97cfb30e04c6a18770215777e1c079.jpg,29.07950925,0.91474974,0.986058131,28.55524045,0.846199499,0.945537941,28.53670719,0.817944833,0.977058297
ce02e6c5a05a19e37c12a9ea4cca24a62879aafc4eb2cb10c204d8d3.jpg,29.84381542,0.884645979,0.988931919,28.1220811,0.692486694,0.926702681,27.95932361,0.674462406,0.958594141
8f2b9b6d550e1c6b8540e6e9d847d29703096358fec12db72af06e0a.jpeg,29.48083869,0.902040387,0.981055411,28.03069075,0.739759512,0.943738579,27.70815931,0.601224369,0.956391488
bf715736c8461e5a211d84ba9c20d0997b65a867186a66ecfdb6524f.jpg,28.60051907,0.812844822,0.977338235,28.80696978,0.670939224,0.930319759,28.58557348,0.558059018,0.959517822
7678491db3d5b363c34516e574a478059150c1774e13c54d2f1d7dcd.jpg,29.34308484,0.87437211,0.962941507,27.92710033,0.736469128,0.92971075,27.80626711,0.646586356,0.91956293
53b6c72a30d0477c15e84b5adf0c07fe77f4337de03fa6101c0df31e.jpg,31.25323432,0.935090965,0.966960078,27.87866264,0.800403393,0.901656591,27.81233582,0.814328444,0.93584088
58d3a9ec2202a140dcf3c1e3bf2abdbcdfff3682f85b46ea89f82025.JPG,29.33324368,0.864826242,0.983596408,28.22023834,0.774910754,0.933063353,27.90984018,0.666315873,0.947315016
1ff9eeeb5bfe6d3ac315dde14b9cbe65aff60414c9856d9e52d585f0.jpg,29.10176252,0.840341878,0.982258786,28.18311365,0.604569068,0.928708931,28.0906072,0.506817551,0.929523774
f6958390220038c90187f84deb1bcb3dc94f6fb18ddba2d8a33f20d0.jpg,29.46456341,0.766514707,0.977280893,28.26878301,0.728140987,0.907295999,28.11991868,0.703119039,0.91441715
8dbceefe0319a665ddb69f1477a97671c6bc1d113e3eab8170d335de.jpg,29.06914125,0.62206809,0.982787943,28.29455888,0.497598146,0.940281253,28.20904055,0.46897348,0.94993266
042aaaf4cf50512b7857b98dff2020d495df1a3ccdeef54eaadbbf57.jpg,28.98835207,0.712151929,0.979877648,28.84714122,0.654222056,0.918907977,28.89595114,0.650657521,0.933677573
916daacccecbba6a3511d8f7c0e0b66ae868698ef1b4cfb9f95df901.jpg,29.3465947,0.677042466,0.956205947,28.56306787,0.607095106,0.947819508,28.14555546,0.567458366,0.949110341
44ae7b91c0e889c8b614ff99b2567c27d1ff1fc458449bcaf2b78fee.jpg,29.55810794,0.770346201,0.967788625,28.74071962,0.820487329,0.903092889,28.67207155,0.774609434,0.943479937
daf62f6a7b86a5042071b60a0ddd949a2e27b88e726d4e8d0bf8705b.png,29.68702839,0.888228448,0.972102187,27.90375007,0.729889359,0.941065912,28.24997794,0.732890736,0.948167316
97a1ab79db38df9090e7cb1f572d9c289c37e847853a0895f2b1e2ee.jpg,29.72246444,0.823908281,0.975340701,27.882506,0.672175654,0.948913835,27.84003987,0.639282089,0.96108129
bde39fbc14b4401678a0922bb90ec2dce335f25feb72f7e3521f5a6b.jpg,29.26687894,0.782309549,0.972373589,28.15520945,0.62884721,0.938234494,27.87549014,0.571984713,0.964029529
d90e33be1ebbe0c36d3cc4e45f300ff51689a73f73d32e68d84397ed.jpg,29.47006678,0.712815103,0.986677735,28.10839531,0.615831195,0.938009143,28.03221486,0.601696075,0.939608496
3975555cf5b41b95f420d285bae1c64d63158a92c1dbe4233c68e451.jpg,29.77866781,0.835609516,0.965871808,28.59765523,0.632584398,0.953766253,28.1113221,0.567458175,0.95150959
ff6a5308db5334ae185095bf8e0a5831e87326fb3209d25c05849e7d.jpg,29.46642867,0.911216887,0.988172349,27.81421862,0.736028127,0.915598117,27.64191189,0.750193293,0.926008287
e07c5f29bce9c19c4ee846a8a97329a98b706ae7f5f82ccb8e353c2d.jpg,28.59833068,0.838203862,0.971198625,27.96213903,0.650198929,0.9379748,27.93919332,0.551007908,0.961206864
ff1665237f3f789e4d5ad5dbf27e4d8fde95e32d0a13bbaf0f1aa74a.jpg,30.26912614,0.843902223,0.974343503,28.28156244,0.689445016,0.941682848,27.75003752,0.598170947,0.942966768
6fdcc4b67b46cd9272cb184354fac8bbdf0322d18efacb98fef2b3d8.jpg,29.05826212,0.749438203,0.986355653,28.10357812,0.735726311,0.949143174,28.29528823,0.707823732,0.964532652
d924d84c9850aa6d5f2071da9e0c695ae8affb2701902aeb136025b2.jpg,29.85505259,0.829575407,0.976966528,28.29442972,0.795419662,0.947947814,28.3761454,0.774082378,0.952068803
d0657f733e4efcd1abe62719e0f64e8e3796757b8738ec561ac4648f.jpg,28.79277789,0.851587112,0.977504334,27.91578457,0.663043337,0.901255365,28.01594418,0.637927355,0.921121402
62816d714b1e658b1be5258a4cd05367f73790d0da4fb2dd9661e553.jpg,28.77489793,0.839607637,0.98794593,27.70274483,0.709150037,0.950080853,27.77611662,0.685778466,0.953212976
c5cdd073c92c7042aba3aa47fe4e9b4d5265192e730da21f16e775ed.JPG,29.850486,0.833810628,0.968943225,28.04577534,0.670945205,0.936189095,27.62812723,0.565483468,0.926475195
4f9e2f6ab1f69dec2bf6660e944e343a13d32a2a04f754c9643a6094.jpg,29.93257843,0.783761685,0.98587967,27.82402693,0.646912918,0.931746742,27.79526323,0.644175332,0.960064156
00283ee08ee1c045abf54d3bb81ed3c926135871153eae8ff2fd11c8.jpg,29.91259528,0.843375886,0.979819985,27.97404663,0.668083853,0.929713164,27.82106097,0.622200169,0.94172779
d3dfb1911aceff755734ebbd0f5dc4b531560a310f73470d5b4d0378.jpg,28.94940287,0.699448547,0.978522436,28.00960895,0.557336191,0.930890652,27.76943974,0.470678816,0.921069453
51090e756f0d822be5f5573049d1c09d04557f11a747b3bbd23f227b.jpg,30.60437979,0.847738201,0.966853076,28.12863236,0.677535286,0.931223748,27.60070171,0.61829083,0.927720318
93f4b656cd7de32f918369c69efe4e27029ccb3bc7155201c8010a47.jpg,28.80797447,0.748703651,0.971516845,28.30226831,0.567222492,0.911118739,28.17373022,0.506908726,0.937458649
3cc03e959f20d046a66985274657cb9df0185e554f88bac5488ccec0.jpg,29.71023644,0.769048833,0.967936199,27.82031476,0.611678404,0.929173904,27.81608363,0.585503843,0.93932981
71b4a95e167523b8e27b7d9c6e1bc6e76b43822a6cbfef9baa21ebee.jpg,29.34262496,0.778344071,0.9799764,27.65483872,0.566539265,0.942318014,27.61624321,0.530241057,0.951971998
e19aa805a6f28bed90261affe6a9b4e609b38977e7dff0578bde07f3.jpg,30.21998378,0.88060576,0.971031258,28.65742107,0.739486845,0.941782212,28.30827179,0.661023565,0.956061988
8121b054b9f34a880831bb8fc3a9b184e79ff753d09c564c6bd43d64.jpg,28.80324305,0.763157354,0.970964245,27.95349781,0.599640499,0.961625511,27.67693267,0.53858927,0.968728323
cd46aa48e7faf98766ff650e7fd4536e0ce3b4f88ea3f8027421df87.jpg,28.07585827,0.684874642,0.94544066,28.49753035,0.51553968,0.898943636,28.29527322,0.50089533,0.932651776
b066c8f4ef86f38c01d3159bd88f0ab579a0bcaf708c8b3e6fbb2dbe.jpg,28.80940054,0.806781203,0.980209797,28.50803438,0.556727868,0.915986602,28.54325451,0.470744368,0.935646278
9dce7a4bf65ee17dcfdd7f6d1a2ab2bb0d97336bf8e1759e01318b02.jpg,28.58283622,0.759676087,0.968681217,28.21310729,0.639905537,0.882490784,27.76849006,0.558279577,0.960110447
58f4c4062a9c6112197689d5bd022047cce2456be8fbeab7cbbbbe59.jpg,29.20731679,0.843867043,0.971712477,27.62328632,0.654806868,0.914178917,27.22762433,0.550787467,0.931856537
04af340b2e9f11e1d0e9d51202f89e5488f7fab4c8f6029632b699a4.jpg,28.60986703,0.585556962,0.976498113,28.57049043,0.374523181,0.882488945,28.46299075,0.346759774,0.907359466
0147ed1ae450871793854d373a01241581e93918ad0871b3497d457f.JPG,29.03578155,0.897653811,0.977919185,27.94594093,0.702892323,0.891394779,27.82074945,0.580327491,0.92736179
e2c370b3e6c6d35a1cbb6c1d7fbbd38963fca13ab1232608cd5126a9.jpg,28.29478158,0.799390788,0.951542146,28.20947255,0.434793525,0.92452291,28.24666889,0.440234125,0.949927371
2f5bb44bed2a94170211bc210d7c2a499206a8657488ff8d92ba3f52.jpg,29.62608157,0.917758247,0.9845969,30.15082156,0.819994047,0.937947691,29.91984828,0.780939361,0.941015032
6835a3ff77f3938f369fd55aee39232c9170bdd2b871bf47da478102.jpg,28.91130304,0.774988533,0.963368726,28.03809528,0.634423507,0.92024498,27.88970337,0.65309075,0.965636123
96472f4f7bf00a8f698ae988d92aa0622c74241f4ccfa59bd9144b43.jpg,28.96578982,0.913769732,0.976343836,28.01830562,0.783843825,0.923731605,28.1485124,0.775775208,0.934826652
fd3a284a857029493766b346febaceaba60cdf9fdeea7f80f3cc106f.jpg,30.40866545,0.888419708,0.978485491,27.89968756,0.706306601,0.949135648,27.77715601,0.654171202,0.94345236
7349f87a0a3df5e511629793f24891924fba72f46069a45e60f35e6c.png,29.82784544,0.860862421,0.975497747,28.4241736,0.703116784,0.9426224,28.326994,0.706834217,0.941502322
33b787f1a4a68f6495c050ae40e323dc23c0eb3519e1c9f377dca7bd.jpg,29.23479306,0.782963025,0.987206825,27.97545528,0.689978364,0.932937932,27.9740172,0.692236886,0.945523983
119a0af0fc79a635cf9d115aa934bf16aec647cca663d50b37ee9a73.jpg,28.67594413,0.824238833,0.966891357,28.19422609,0.496230266,0.929992063,28.08168472,0.428370913,0.943945663
2e4a49e3729e34ce08f47ed2593935f8c1dd6330b57f0d4d8738dc1d.jpg,29.55136552,0.754201842,0.985690832,27.99149913,0.715815685,0.922094132,27.84696749,0.690845533,0.955019041
