image_name,cycleGan_similarity,starGan_similarity1
"['680', 'cfa0c679da3dbe9f01e92cdeda2da1065aa50e7bf0b3990ec335f726.jpg']",0.979979128,0.96712744
"['1042', '83dac9d7eec7fb0bfef79b4d35ddc69a6f7fb458d3bffc4e78f33ad9.jpg']",0.965769054,0.920174954
"['1057', '0745dd0386476ae193ca709034378c9207e48ae88cc8724127e98f1b.jpg']",0.973788436,0.973822136
"['670', '2e9242f004ee675613838478fc4d2854c2e6a4406443e0d9b854f8ec.jpg']",0.968487429,0.903278913
"['278', '6bc300b2ad8cf12d92cb1f033be26adf1381b957ac196ff4ba60d44b.jpg']",0.980561465,0.964859298
"['1045', 'c4f8afc26d293aaebe320d74afe459a6106f19cc89723eaa9a93874d.jpg']",0.970854291,0.972275027
"['462', '8074ac2088332aa569b5b2abb02d963b41b99eb985dd31bdee881586.jpg']",0.984016661,0.970617492
"['1020', '218318ae092e2debd4f7f0c571cad790d391353490fbf7441fccd906.jpg']",0.984705431,0.957321445
"['598', 'ee7d79554e79df1aa460bcfd60c89757d0bafe6bebea035330926aa1.jpg']",0.984437967,0.95216183
"['55', '263169de35771d1aea0898aa5e98793a1a17abcdd574153b9baaefd6.jpg']",0.967185204,0.956001707
"['721', 'ca44f7f1d7c986d9ec92a7140b5cad905203371a711df494ed6f5ff4.jpg']",0.963326663,0.942331054
"['638', 'cf76ba13917395f32d5ed09bf00ab323238ebdb7cd30aaae5ac38625.png']",0.983253469,0.959624889
"['975', 'baf8a864742c4afa0ef45f4ddba6cad45fcd4cb550548f07c984f806.jpg']",0.977685155,0.953661521
"['501', 'd521a3c82a9635d320f35aaf9b102df34f8022dc0c831669bbc3a512.jpg']",0.985156253,0.949573992
"['625', '16279313d32f9ab163f217b00cc17f7c892e71b47131ad57b77f0b0b.jpg']",0.969720064,0.930606318
"['712', '880ff983e43dc4cb89523a7b9be392baffe1440c1ee074bdf4a770ee.png']",0.973463674,0.947484024
"['1053', '3bec18b3abdd7496ffeecd6352455570d2a419f8e27bbc1aba1af468.jpg']",0.983139987,0.961762319
"['624', '5ab3281eef4c9fc58a0055388704fce0c6eab3c8494326d166ee9dec.jpg']",0.990569438,0.96209275
"['854', '215b8b9f2b6834aa2432142bf65540323954b2ea21de86b42bedaa0d.jpg']",0.994196186,0.936078458
"['389', '22979b45eae35fdaf1fae88c5d186148c497aeb70830cfe60b0c8270.jpg']",0.970791387,0.944982603
"['920', '8a1290f557705748fd710056b389d907e2179333d6a62a2c8d17c455.jpg']",0.970283627,0.962689017
"['314', '6a55b59ab9c813485bc989347cda6feb8d7fd2ec36f59886f31ddba1.JPG']",0.972596162,0.956456774
"['750', 'bc8924b0fea9c781eff4d7c75993e6180d0df76aa43724bbbcf3ecf8.jpg']",0.984903882,0.91656137
"['618', 'ba089887ee67ab526fcdd1399a10bab12d1def6dcd0bfdb27928c88b.jpg']",0.972423634,0.962001322
"['620', 'c30c3292c54ce6f5487dae7ce113bd046b9289ef2da78fda456e72be.jpg']",0.982450877,0.966249547
"['823', '73d59ff62759c540b4fd7dac848329f060a66ae8ae8e281b829f9299.jpg']",0.976547111,0.943159344
"['808', '0ba8455e13396a39c33c09165ca319f5008cb0dd0760de7e00af8a39.jpg']",0.981872384,0.970505882
"['879', '238c01406b860742055a0bf9f27a6de2d38827830f1363cc70c61985.jpg']",0.972249413,0.953859126
"['1034', '1c8069a85241ebe284a44c28da4e9963882e77a9743317268c1e4d78.jpg']",0.961559277,0.952192711
"['971', 'b7fe6ad5de207e56997b3ac4d2bef12aaf84a59e2e305cca4092507d.jpg']",0.981697987,0.9335283
"['995', '14c3fdab70343e6544a22aa2c9a3086105a02e091abde1ef13ee2e9c.jpg']",0.981849153,0.938193034
"['848', 'd14b341b53bf56ae6028473bdd7d9fff8f385687b1efbf4bd251dd7f.jpg']",0.986631435,0.955906235
"['980', '8ecbe3db2c53cbf9790d21843349a085aae029fda9d3e8dcfc4219bc.jpg']",0.975514042,0.955562235
"['963', '29b1bae23a71856faefaa0b0ba50d10b048158ee79d5a77f5df05846.jpg']",0.977232095,0.942972761
"['675', '66fdb03fd1cd2ac9da9855ba851e3309f525f5d6470d87e8b8fd09e0.jpg']",0.970155256,0.942957539
"['680', '3fcce00aa7efa121a1fc46f12c8d80d038c30c8987d23d6044b247c0.jpg']",0.979991755,0.914947925
"['53', '353ecf13f3c61939b0cbdce5f551e2fd7e1d8e27d48b2816103302fa.jpg']",0.974267716,0.929104394
"['1002', 'f20411602478f96a2e29a937191d0ff1a1d37e961829502acd7241b6.jpg']",0.964308524,0.93642248
"['490', '87b9d736ef51c11cc22ddab271b43df37051b083ec6bf3e4db969648.jpg']",0.969503625,0.943588643
"['109', 'b534ef95d86aa2d5a7e6d0aa5d062f5c76e6b345f0856594d1a73ba6.jpg']",0.964232422,0.955830411
"['149', '69ba11b7c5e509a2bf788edf846ad3df113ee0d2abe1812b05f6ac2c.jpg']",0.986002104,0.954869581
"['1027', 'b5523c246b367161259ab2f77949ae0add97beefd86b338dae725fd4.jpg']",0.979562626,0.950792775
"['468', 'a4299611abc6dab4d60712084f55b8ddf0b7a625574633a48e1eb841.jpg']",0.976896001,0.968224391
"['495', 'd849041561ea3da0e67396a25cac1b5bc79ce68730076b195cef3033.jpg']",0.985362005,0.953429013
"['417', '568ddcab43f5fa4687397d3459e54b07fe7d56bd191d93b938ecc12f.jpg']",0.96622661,0.908338553
"['994', '753a3f375092e027be8be009f81fedc4c34f466bf4188c5b0b5adb05.jpg']",0.974170293,0.971802001
"['755', '197549446beca1e98a0a613c88a112a986380c68de6d27b96c01fb0e.jpg']",0.977280508,0.95165432
"['240', 'b12877e95511c36c46a167f922cfa3c37c49e0b4b3d54b368892a6b5.jpg']",0.971850996,0.942193127
"['1022', '894db14107d8ec2ab0434ec4f84f40aaa652937ea58972959e4d2efe.jpg']",0.970261192,0.904587712
"['724', '030c027097c0141079dc40d68c833b29254e1a97ed53be230da4b748.jpg']",0.981341143,0.947125005
"['1063', 'cd6d799840fb1b6652b9aefe6e78e12980b2022bfd78ec9ecda1c736.png']",0.992144364,0.943871956
"['1014', '0a1bab1f2a4a883ce351fca47735b64e70a21d9a3d22587e64826a4f.jpg']",0.957863733,0.949701401
"['372', '3e8f75752a4dea650e1b13ee007f742f6803ac98495b7b2052fc7e18.jpg']",0.966933167,0.95972363
"['429', '4bb212f76e7d3207372802f20cbf32e67bf64dbcdd6ab58c7152bba5.jpg']",0.982548266,0.912655777
"['483', '7674a7730b5b3cf0d2b48637e18730166c923983378aa96a4067a532.jpg']",0.986595442,0.957333919
"['915', '9ea8c6a566c8b3459440da067cee173a26b74f31ad0460ef2e99ae92.jpg']",0.980394556,0.954544269
"['947', '23622c530da3865264f11d1b5a319602b6f75abe8da436b5a1ae966b.jpg']",0.984014601,0.950200598
"['412', '33518416bb0dac27a2a584fb6bed98b585036437c95c9ba22d26ee5f.jpg']",0.980578962,0.942629094
"['914', '49890d68f7348ead60651ad6038c67a00f1c2d85e4cc770ddaf47636.jpg']",0.966456328,0.94980815
"['953', '7d3b1680edb1f440e56a99bfbe238019dbb792075279df2c1a4d28c8.jpg']",0.977303098,0.958094438
"['1007', '902c1e44af78abc74f8bc987bbc4eaaa776f7e481c93d836bd2b0398.jpg']",0.969190322,0.952432301
"['428', '0ea42a7d49571adb810d878eaea459e0a077dd68c2e138052f9e95aa.jpg']",0.973377884,0.927082304
"['412', '3ab1e85c72caf2beea69ea9a2a7b63777f2228735d2f497c2a4beb05.jpg']",0.962240821,0.963523098
"['1054', '91157a4e94cb1612e12804a23dbf4449fdc746835b6c17447f24348c.JPG']",0.966067347,0.923872318
"['922', '24a08c505322a6cb8430cb1451447369956f20aa9bc87066c59637df.jpg']",0.98507423,0.958674186
"['677', 'd3a2d8f306ca9dc591468e79a4a46cb18ff6ffa48e175ef0f0b44914.jpg']",0.971088194,0.942613894
"['217', '6fc3a6cac49b74f6b9498be576cf25ab294a7fc4fc0f5512ee9911be.jpg']",0.970353863,0.930878279
"['620', 'e2be71fcac1faed7aa7088b98bc1942cc087ee73e20229d0602ce7ef.jpg']",0.985529674,0.973049056
"['234', 'a7b4fa504f393c3519268d5dd754209b03fe06b4ce47441051b03187.jpg']",0.983302681,0.940665048
"['807', 'e7e556cf3c11de5d67d0e36164138ca2963eb7396bdc384565b420ab.jpg']",0.974336349,0.933650046
"['626', '9f0c991d7da87c8ac78fdb6c31f7c8d88a04b800837976a93ed431eb.jpg']",0.978224787,0.925891635
"['910', 'd2c36d28ad9d2a6f4fe3364cadbfb3f479d5b5e5117cfbab44494cd5.jpg']",0.957264408,0.948745392
"['677', '1f5c008fa51575943fcf42092e64ffe92424e1a7b1e4bcfe59e58c1d.jpg']",0.963972586,0.921954762
"['359', 'cf35d0db58395387f732fad62a04cc623365be2c6294ee2ad7d6cb98.jpg']",0.983645464,0.928316918
"['987', '501a4ce06a9fd4df513bf300e34d669a0bf897a465a70dea1a0a0e6f.png']",0.9668953,0.924391281
"['337', '1800fb5ae3854606e81e8fcd3540c210f2648677560b73dd5ac5355a.jpg']",0.983116473,0.928566631
"['344', '908b47cc547b0b5b257cf86c4e3f1bc5a49605d6e3606780fd1a0647.jpg']",0.988663032,0.974881324
"['838', 'b72dceb683fde6cf818b2f8515a888babcc9ba0084c2371ae98a9c14.jpg']",0.988190503,0.974193716
"['370', 'd051a90535844b4987e2c51a8f477b563b4894501089b83a5d96fad1.jpg']",0.961159815,0.940418679
"['663', 'c11cc406fe5e77f8d94572de958a1d406c119a80e8f2e40181e87e02.jpg']",0.978644815,0.942441144
"['928', '7db4b839ad277a59775bb886ee554e906b30e446c0cac21f04a0a7f6.jpg']",0.96711282,0.952915607
"['686', 'a370526a3ebc84ea00c5529bb977d5d02aca5d8b01d79db3fdb538cb.jpg']",0.96641633,0.923882003
"['648', 'ea5656ffb2d1bc9f86f4257506c9e86a1c8b7db7d99a3af68f9203a4.jpg']",0.981664978,0.949052687
"['498', '475b2d10dd0ad1757e4b9e32c850a635ea362981f7f7b6b4a8b7342e.jpg']",0.987179019,0.975184296
"['637', 'ca3169632a5ba7138ce8f0282fe5ae812797d324adf474e4895f13d9.jpg']",0.990945582,0.896800394
"['115', '46a817c64e3f18670d6f14f96a7e0e2d71f8ef0a717d038f2a1b6561.jpg']",0.982340021,0.912642185
"['1054', '49ebc6559f9350852f0c960768ddb800f0eb92a781e02d31615dc73a.jpg']",0.962297762,0.945342472
"['397', 'a6cd220dd93bd7b774199835e7da621e318e0b046a3bf87c565bbdb3.jpg']",0.978671482,0.96277774
"['645', 'e8897087ae82b95dc339559967a5607744b565c372a5e4855ad07b50.jpg']",0.965694803,0.925192295
"['965', 'ade26ed081b01af4c604375f3fd2928ce1e0531da1b9d25903e04d85.png']",0.967579459,0.922040867
"['904', 'a2975261313a7e275dc073321bed77798501d1baaa8b3699fbbc6d36.JPG']",0.964754602,0.9252195
"['724', 'd5dcbbea7b9393506780c8bd5d71dc8ba73784bc979352669f872944.jpg']",0.972055926,0.955161156
"['372', 'f794384fec70759ae959edf912ce6f245b705faec167798be6576479.jpg']",0.977611552,0.956132219
"['830', '3e38f4a6726a48bd812c9bdd24bd7b60d3967dddce448d63bdde14cf.jpg']",0.986059888,0.929289445
"['409', 'c6a33c31e84ad54789ae7090a267b5ec741e00332b18bfb31a112fc0.jpg']",0.977372282,0.929719694
"['685', '01b7714448121e8f16bed9c8d6e9af414816e95b4eb0bced214e11ca.jpg']",0.985812806,0.950740375
"['695', 'aefef862f0efc940239c5f28d591b871c6d9655eeb3e8b455793741a.jpg']",0.978032644,0.959740619
"['976', '712b855bf27a5debb033648c789c3b530fb83493a53433530c5a93e8.jpg']",0.974176237,0.94984074
"['468', 'af14693b8ac760fc820e290f9bbcbe44ad6ca45ab952b1280bc9c56d.jpg']",0.974905506,0.951369919
"['843', '0c6fdfaa2b97237997b7e16376b06790009c2044a5af57cbe01fc575.jpg']",0.969468201,0.944318952
"['836', 'b3e07fd0240d85c7dd56f176a9c6fc586564bce758d97db9756160f3.jpg']",0.974909405,0.964224545
"['512', '9f3b958198bb7453d53fd63d5e6a677560efe0d8fd1ca55a04bef51e.jpg']",0.973000222,0.943897366
"['443', '579a815c54e7f8d309f295f543f7f92a6f1750608b143407fc2f4731.jpg']",0.952663984,0.950330984
"['384', '13d128c0d32f24e218913eacb7efe6e3a0d5d8362cb2cf36485e010d.jpg']",0.984074071,0.939424327
"['514', '99d62cfb258ab44df1081a656648f2a9f9dd705dc040891bf829a2b1.jpg']",0.990705599,0.95448038
"['447', '07cfe69b1eebc8f321c679bdf7c8e9d968b10766386f0e818718439e.jpg']",0.956357514,0.941505945
"['377', '8b155d3b31ae8580510b09c22025c5221e0712bb4e29ac9d6ba7a2db.jpg']",0.978085997,0.956700873
"['948', '3d2a19e98299335b84990bc662bbad59c755a6114807b6f376c3dc4a.jpg']",0.978343732,0.943251313
"['971', 'c8f02d4540c002121e7f0917e209b65efa926aa665190cb8ce19559b.jpg']",0.97771437,0.967204832
"['508', '8d0eaa9f26a3d602c2086c619f10de37cb62cd5d8e09ed4a345bdbc4.jpg']",0.969756253,0.955151586
"['1033', '453278846470d1167e58391d4524cf70060d30411c4fc7a6bf1101e3.jpg']",0.977044879,0.896936252
"['816', 'a3c1b7f49a64b152acd5e4c4bc2f68117bf92a58abc4ef15816e644f.jpg']",0.982189296,0.91981825
"['418', '6a438652a8b4bfbd1329c32996a353f2f9f65d4763911855f3dc1f14.jpg']",0.98741512,0.915369639
"['509', 'e2c7bcdc1a83d59272dca0c673ed7379c32fa42e19d679ca6ea3c539.jpg']",0.987281883,0.933116998
"['1054', '6ccc2bfae65c60d5123369d8a6c39736f1e58fcf8818fc6f3ea572a0.jpg']",0.949181516,0.942177442
"['458', '3f0bab0b33ca8007b26bfd5f57bdbf8660a58b5e59b3fd3e7c23c08d.jpg']",0.977087642,0.926294213
"['914', 'ef92c9c081c62958fe0b8acbd53719c4297289ee20142ef7914c5b1d.jpg']",0.990962297,0.969917224
"['588', '55447d4542944272a49ba299925fd7ea52115d9e0c023d8252215ec8.jpg']",0.966215746,0.948482269
"['1058', '4441854217d325da9ba283733f2662cac7b3f3555155f46ce528bbd2.jpg']",0.987731055,0.970989388
"['371', '273c71c4a08e82bd887e6b70e0b8acdda36aee7ff3eb21a91e3ebde1.jpg']",0.975977799,0.949941864
"['655', 'c90de17fb11a7150afcb4e7ef733a8fa5819a6fc1d9fa4f3fa5fd078.jpg']",0.982893724,0.955770378
"['662', '93ea70f78ba8ef5dda3d5a679dc19a23079d6e26c2c0c148e1db5fed.jpg']",0.977944092,0.938363678
"['956', '322c344539851948f37156d6013dbb7fe9f83d05d52807f16b24a0cf.jpg']",0.956204785,0.938793082
"['178', '5a96579ca50a80f9f7cc360c14f5602c1b923a33d26c49770f426e5a.jpg']",0.984340943,0.949383417
"['728', 'e75ce3c069a4d4ce35b8ad6567715c1399ff27bd5a4c7a6e1ca648e5.jpg']",0.97813631,0.958291202
"['897', 'c11192fe03dd619010a80a8f2af9e5b237b2ab285d5d343fbc61a5b8.png']",0.97606857,0.942705819
"['1018', 'ed747708dcc90d023ae5555ceabe97da4b5a4905cb8c957f3e444136.jpg']",0.96608136,0.958870145
"['518', '14fbeddbbfce51288546f6fac4a36bc525be17d7f16b967d57f036ef.jpg']",0.948601824,0.951455107
"['650', '17232e2aeda80e9fa60f9026fd8ec721ade918e0f363f67b89a06df8.jpg']",0.974635357,0.951482069
"['708', 'd4fc3c9cfb8fcb36679cd9d65c75938a394cb63ec20725ced074c39b.jpg']",0.967792921,0.939000104
"['440', 'b64c6df46d93dcbdd7a1c09c62560db2189024d7dd17b58087b67954.jpg']",0.975359137,0.960105551
"['845', '700d7b71e4e99ab346ddc98db8f0c5c287b00f6a57f46bf182095dd0.JPG']",0.96806865,0.959894782
"['1013', '578ce92a10543826a859e9ce1597087e98598feeebedcd99a29870e7.jpg']",0.979248647,0.960817961
"['486', '45ddf9586c0b863f2d0d0f274948a20a849d919fb244b7c3c16390f9.jpg']",0.973137418,0.933855239
"['159', 'ca8c7b474e1e01f009255d3922d51391595749a093911b00e8b82d80.jpg']",0.966860272,0.949078345
"['460', '87ce7c30b79d9ce7a624c7c0755fb48aae8c3068b48266209a86354a.jpg']",0.982524806,0.95517416
"['978', '4ab12e78a7f3f5879289bb7a0dc3f8bfcbf39dbb9fb0dce7cd732d94.jpg']",0.969320478,0.966487337
"['682', '4ad60b4874414e08093cf5e4789f2fe1d87d8d59e9e41a2a79b8ace0.jpg']",0.97840359,0.936110036
"['955', 'a7234b2cd53d876160e9fdd1efdaf74935753382203da4c843634c61.jpg']",0.976848184,0.932833795
"['667', '81881326ca02560bdd4624edc82fdd42623c67a25adb64e5af1b09ef.png']",0.986504697,0.924413515
"['489', 'b261781ffe8e9090eb3669a4332ea3ad6b1f512687785307b245f3c7.jpg']",0.973645198,0.948341741
"['244', '6b211fc225e323ce4ff78aa5d239ca65cac20e1606d4cda3b578f9d7.jpg']",0.971238122,0.953010772
"['878', '1a5a5421e2ccba6530552cf68bc9940e53c314d2a60fb03e62a49720.jpg']",0.972289529,0.952194576
"['281', 'dc26b91ae4ca253c440fb27406e7c7de9084b26df0707d27438dab7d.jpeg']",0.983910448,0.951970334
"['952', '2c9f6a125b9e299507b42f3ff68a743637deaf0071b13b9182b01d03.jpg']",0.971683089,0.929899098
"['342', 'b0b678a89b446508402f6a3f3ab527f916ee6884d6463e7135f61de2.jpg']",0.980060918,0.954967035
"['680', '3e41d0be1ac6a79abfd0a0ed7d380512f41cb3d10cec29c64323a667.jpg']",0.986034206,0.932565733
"['809', '21a41bf4b1dc0b123dffa25e35f9af00724dd1c6e81bb9104f1b9c9c.jpg']",0.978628498,0.923588508
"['968', '40ee45df81c00b4b27d9ed9d4813f2a9a6b3b9227d6bd3ee9dba86f7.jpg']",0.979993024,0.953048975
"['643', '9f95577516f8d7dbee44c93f207dd958a58cca9e2b95b9d8f0431e2f.jpg']",0.967186879,0.957722462
"['932', '75873afe1e20d5759d38135a017c8d46c186469c0bd656fafdfc1e24.jpg']",0.98486177,0.938715731
"['214', '5c8d91d4400b6ae7884fddd2583bb752b4c5350f3b2db64e15cf4a00.jpg']",0.978379683,0.930109857
"['459', '0fe92dcc3abb031f1d0d4a505b598a31192ddf4592369d2890e8a004.png']",0.970965687,0.947344369
"['1265', 'fe32556af75ec176c91aded80dd9f8ea8744cb333c340c97df1035aa.jpg']",0.976185325,0.90651092
"['842', 'fcb948fc5e8ad64acd5dd935844b74f10b49ceae1f649416673633a3.jpg']",0.957091699,0.922139466
"['505', 'f6b6d84dc77e0fb4d2805013b5b4e8fb31ef3cb8d2113199fecd8b87.jpg']",0.970192396,0.948074031
"['891', '17715eb42e057344ec685e262e67fcdf7906dd41e049e3e818449d1c.jpg']",0.980801138,0.959605931
"['448', 'a4ad48c3f9acc49647d3e7f898e33b1b965a0ce95784d08a559d0f87.jpg']",0.972680806,0.964548464
"['820', '28ca022dc983b73f31cd621efd6fe990034618fd92c8b36d739b0a4f.jpg']",0.986515994,0.94903808
"['342', 'e4e61292f8e04f7c34d5a3a08ecdeabfd0cbf9ef0bb62861b441c774.jpg']",0.984276183,0.949945732
"['445', '2a798f5c9c2563ce9f74d9d2b940c8aa1ad2e8300c7d0655f478e12d.jpg']",0.979560961,0.937386182
"['237', 'a16485835f497a5cb93346a9625ad175cb6f0bbba44fd26ca4cec517.jpg']",0.97933751,0.96288482
"['756', '30a991b0c50c69082700b15c95e181401eed5ae63f4f04740ebb2181.jpeg']",0.97081844,0.949480033
"['501', '3760edc24c10b01002588c2ac866aff60919867d6dbc568c2b8bb4d5.jpg']",0.983140064,0.980857849
"['1045', 'ec0103bb14b799d145afbbb4cf178bff1032d064ca0f6e91092f99a8.jpg']",0.977011382,0.923908283
"['951', 'fc47e895664acd344405d078e5e340e10ee7af08a422e83001805d08.jpg']",0.984755472,0.954085704
"['981', 'a4c0e68550b4a05ddcb30ee1c5fc832f7521098bdc4385f518bc0703.jpg']",0.984295657,0.965683578
"['921', '2e20db3346c3d2a8349617266e10efccb1062b80d672b10217972c2d.jpg']",0.977413799,0.933234944
"['452', 'f92121975a8a28b6ad1e9897a9ca022b573dabafed4b740b345c82f2.jpg']",0.975472389,0.934233916
"['519', '407a693e7d28d0f8097c6b4f4462f28edd8e5084c12580d73702e485.jpg']",0.982535757,0.945827773
"['905', 'a29158412b0b426527c6fe9a6fdf6279014c114d6f60a84d3f6209bf.jpg']",0.98229706,0.955886439
"['1057', '664c93265334f5a659e2a36532482539d094362ac73d3656bdac18b6.jpg']",0.97863693,0.945669234
"['1054', 'e1cde7cd561137683143ec5adbe2d429d5da2bc867f60dc6da8912f3.jpg']",0.968227599,0.965574933
"['882', 'fd3dc7b108ca51b87d534c9b7ffe6969dc8618913901e2f67a6a5b8e.jpg']",0.970804459,0.950772247
"['989', '1035e209a101c5f89ca588813edcec728cb38709746f2bb009cce032.jpg']",0.982286245,0.941583034
"['468', '12658eff918f4b2103d698d76d94547f47f8d3c55ac8d2f11f53a019.jpg']",0.968175172,0.956171606
"['856', '0c80e6f3b56f8965c3493356dc9f2cca171c425010e429496dd2989f.jpg']",0.979390735,0.954793965
"['1053', 'ac5920c14d04ee8fc367093f740d358c655e82b5c62726559030cf98.jpg']",0.963307263,0.955261668
"['1297', '7041a816ba3e0c65861d201fe07a2db6e35c8026cd7b7221f6fac89c.jpg']",0.966020292,0.936834257
"['892', '264cebe5314213bec73d4ea9ecd1b329a3f71325ff765f09c71d5825.jpg']",0.981249323,0.916513884
"['971', '27beff6a1a43b8b648884fd069977dddd9006e61f5fe009bf6d3f10c.jpg']",0.967386849,0.936130222
"['857', '76e22b823d004a19d314942d84b1f784b73284dfe6ad0b70bdd8a1bd.JPG']",0.985127714,0.94011738
"['1025', '6ffffd9f9e750f7dd15c02fbdc5b96c359b22bb239cb03e2a99cefed.jpg']",0.976774191,0.920985037
"['875', 'b66579354cc300db408d9a63322b30240f28a28785167f81ee62b27e.jpg']",0.979538488,0.937301362
"['751', 'e2c0b1b7de2418025ef4143d56df9dc5b8a7de1699346164988c1ffa.jpg']",0.982254709,0.911610345
"['675', '5a4f3bab708ec8b17335492b4d44fed41aca616e6f10f84a1234ded3.jpg']",0.975393837,0.927929003
"['263', 'c68220474b2e0cbd6bec6d8c39505e26a1aeaafdba3d2c6918011b19.jpg']",0.973823251,0.933455219
"['267', '6cb949a3f743452c5be627fcc8a2f78aabc8b148873b74d82a572847.jpg']",0.964997292,0.928232625
"['185', '311de24868ff3cd0503202b5a4d1acafd359cd0d9818703514d39adc.jpg']",0.979710033,0.942555414
"['329', '284bb0233284229d8def34804c56136ff8f690a60b5e5cfb7ea93e82.jpg']",0.983443146,0.971443909
"['384', 'db77f1b304a5c5c388ecd3f597b0054321a3a0cd5af901484ce445fb.jpg']",0.985057814,0.937638064
"['439', '23839ee2478f2bbb65d6d4c2fca3e50cae20d398c0184926acb16268.jpg']",0.98048728,0.953210131
"['158', 'b310caf7d7ad1d0618a16e0c38d1bf5902fd779c8f197646e8b39d00.jpg']",0.972147505,0.941095505
"['628', '45d4b56f65ca13949ba36a9a7d2d6f3c5d6a38dec15d21d694e3e39b.jpg']",0.979419873,0.953024212
"['637', '126ebb792e2e7fe7947f4c31e120c7c35d4e36a30f07b487ff8cc321.jpg']",0.963661986,0.971062548
"['735', 'bd4fdce0cc537c783ca905ffd6dafbb7b9d2140d45c05b8e3356f1f5.jpg']",0.980291696,0.949727831
"['509', 'f40b59e585adbbcf4f19266fa82732fe28639eb4a7eb353eca49d68c.jpg']",0.990820743,0.9436127
"['723', 'b5dcf469c0c4430844679fe9b20cf2b386f755d002cfc9f011b949bb.jpg']",0.990761415,0.963688972
"['435', 'bc9ad400db82eca1882b11c9603348fb3e92f5b0d67391ac22a1bc79.JPG']",0.819943332,0.865992046
"['805', '745ef9861c9908cf13af7dc0b59ccfad9d46fd8d362ff09b70ea4aad.jpg']",0.972762178,0.952657614
"['39', 'd0947fc63cf73411f5076de799edfd11a6448f5759076d5f5d48e65e.jpg']",0.959156709,0.917690042
"['996', '0d2ccdcc507f41e99eb346e6b68375b211829b4e3160678c392c5fa2.jpg']",0.978934013,0.954405408
"['242', 'f3ed592a4d03fdf66648879968e4707624897ce105b2ec505c12be16.jpg']",0.974065396,0.957905823
"['1279', 'b87a95e0f20e45ba6106acdd5664ab825c39df13e1f975bbb38653f2.jpeg']",0.972292993,0.955390863
"['958', '80762adfbad33c7ff530a0d102d0af4d9be46682f5bec6f7bd7339a1.jpg']",0.975482999,0.932390048
"['1032', '816e236de97962a051f6fdbc1b3aa664588819411b0d0afc86b8f590.jpg']",0.981724898,0.93352842
"['647', 'cb13ff5882040106b80c86a3728d4e1046770c968699fd6a00957c96.jpg']",0.975617667,0.969136869
"['781', 'ec5dc4a13f50e890b8858acbae1882532b094d7ae04229b92af25643.jpg']",0.972925433,0.957725412
"['384', '6104bfd16c573934cdef2228d63726b890c96411854e28b4175a8840.jpg']",0.971823567,0.924837095
"['828', '0bf04c72874a838cbd378fc54891b947719a15292fb69d167bf9a8f6.jpg']",0.964824872,0.928402439
"['280', '815a60a2a08c57dcd2a16a8bae8756ab005527160aeb9dae6fcbc086.jpg']",0.955406415,0.907754586
"['399', '81ae76d7e259fa3688bcd8a9262f2c60be92d8b05c1a74bd0b3d4964.jpg']",0.976211081,0.951361069
"['178', 'ad925addf3f87453d5ae36c7f9fb4489a456683431014fbe9636517c.jpg']",0.980770833,0.962132214
"['684', 'ab77ddd42a5a7400744d0d6ef2c3586a93f268f1be4dc2185574c637.jpg']",0.976867983,0.926855475
"['1064', 'da6eb979db3e49c3eb458b5f4f2c583a9859718010a5e6add7ae7540.JPG']",0.961935212,0.941329982
"['950', '73e640cd6f4b0f767e2c41ea994a15bb52b1f01c01954f68bb4e8167.jpg']",0.965152562,0.951654764
"['482', '8e9e72119dccae2c5dd29ea5767d9a478fe730f4bab7a51671a94c61.png']",0.96747085,0.917168533
"['423', 'd41959903ed0814d5dfa7070d94f50eb53953e7d87598c5b76c4197d.jpg']",0.984833231,0.969151023
"['901', 'e20c29c4a4cc2f9e78c8edeeb1c6bb518f2bec48ad2bf727774cbabe.jpg']",0.970418547,0.941023938
"['1012', '7a11767dc8209880b4a521f538c8abc2e5f92bf3ddc0b7f4d5951269.jpg']",0.950985951,0.926764546
"['889', '14d0eb736733f8766168c4143dbb01506b9f82ac88fe5f0c70366b92.jpg']",0.983291925,0.955921005
"['1209', '6aea85e8b5fda776969e3bc3497f017b12202d8969e5a441613b1e1a.jpg']",0.971387932,0.94008776
"['898', '87570657195c510bf413997e3043202532fda170888ba48a6fc96af6.jpg']",0.96269488,0.934185616
"['913', 'bbf3fc65e638afd01081b8bad505b15826efd355cafe0f753274ef42.jpg']",0.975000253,0.945464434
"['702', '49cbeaa8c4674f812b67318d84d5ea41ba01fa03842710bd12e4b80b.jpg']",0.983260869,0.950570912
"['385', 'be1bb87df2b82072b1ea6f46bf660216e77f774c6d8f7facdca66c28.jpg']",0.952746191,0.925757368
"['960', 'b48f08540dc77d0616d7bbde2dfe4ed12ec4920d68d9e636e17cdd13.jpg']",0.985339726,0.946917238
"['852', 'a630b20b266a01e2aa4d5d25af066690535e2d740a8d757e7a039845.JPG']",0.971720213,0.971885589
"['657', 'be9a241f331e072479bb4b78c19638eba08b14194c0aa0e31f6140f7.jpg']",0.981239343,0.974935087
"['640', '469011e2468edd55cb6f674f89bbdac7ee224784cf4e774811de6a62.jpg']",0.982217799,0.930305295
"['1014', 'b532cdc447f99ea377854ac37567362e68de35483e9455a97d94deee.jpg']",0.990728064,0.981624091
"['891', '0e6bc63f9a9c4d3a19f42f2359264153ce78c884b7e3e0482adf01a4.jpg']",0.98615769,0.940159952
"['200', '7faa1f2c63675c5b415f756b8895fe19d95585a689a2394d4c5220c8.jpg']",0.987012265,0.976853075
"['695', 'bbcee809b7b4dd039e5b06d70e33f9e12dc741eb4da9f5df76eb7e9a.jpg']",0.97726827,0.962345066
"['398', 'fc1daf0ab0a7acf4e5d32e0ee0017ac00a37dec6afdd059134187970.jpg']",0.966117987,0.953705248
"['1040', '6bfd9366acabb61e49c5927779215e780e116cf443b0fb0da3c5f970.jpg']",0.974762721,0.950695192
"['465', 'b3031bc676299e0f26a5ab7c55bd9b951876b2588bc75fd074b6b87f.jpg']",0.965663993,0.967871347
"['1048', '971671d0f4da4c6907e3405197639f66455e939b50d74dafe5839dd2.jpg']",0.975666684,0.936303685
"['963', 'eca7d8795dac0e9e106ac98d556a382ee0accce2785eecff0f72aaf0.jpg']",0.979599886,0.899467691
"['465', '19c5da2f5ca795d4cec7007259771834b9ad9d8c6c552d5c6a2730bd.jpg']",0.981331015,0.962833183
"['638', '94b8539e406cf9c381063f8c67f6af9efef05940e968cb5acaf3e9ab.jpg']",0.969560457,0.952897735
"['883', '9e81e83fb512b5086c0e5ac9d09bf17a70c25371ebde07d5f51e893e.jpg']",0.964570948,0.934601433
"['619', '271ffc28333f8ce21c120376310a8616d3f47eb54c2939a60373ba99.jpg']",0.978650832,0.968421579
"['197', '8c273dd14ef002f3fd5278517eebccfcf824b479b549db4732a25ca4.jpg']",0.987728729,0.962106442
"['508', '591163ed8c7f7c2e70ffb0df247464cc1dc168d68791cf2278a2c0bc.png']",0.975717149,0.965174957
"['920', '79adfbe5a886dee9da0b22c40af3b3e1100dc1facb8c27cc595c6f5f.jpg']",0.968140683,0.964384769
"['692', '9c4a8c37f4f9c6f3dc03e081bd5cebbed32975e57c2a95d3059f0e1e.jpg']",0.961614082,0.968701179
"['513', 'b92a00fd58f66b169501ad7fccb41ed56080b3827d9662b02e27388a.jpg']",0.982793327,0.938544213
"['651', '3c60add372d317cbe060483c27459fd7a059636cfed58fa6a0d440ae.jpg']",0.972824545,0.954924919
"['396', '6a480cbf5861cd0f51e0bef0483a4655655cbbbc74cc556daf3c12cf.jpg']",0.983116984,0.941797421
"['620', 'd1e33a6849cdbb8dd934e0be5d91b02dcea1ae86543ebcafedb984b9.jpg']",0.97672381,0.943353134
"['404', 'fa3a6990883954b26c1436766cb939b01dd89aee3250a38df7824e8c.jpg']",0.987036378,0.946204569
"['190', '57273d8e6e0da6d21e52fc9abdc7bfb56be461632fb07a0db472bb59.jpg']",0.972299675,0.950864511
"['970', '4996d9c53803f340381fdd7f578304e17912ac39a207a1c7ed36e0fb.png']",0.9796047,0.942417047
"['201', '927b165579047d8a92eba7b925b5956a5f93fc074c6262a42336970f.jpg']",0.97756925,0.93616746
"['432', '1f310bef9542a59b45b5127d203c322dfdd4322a87f8d04c3763ee91.jpg']",0.98164043,0.942232907
"['817', '72f14b6dc5f915365afb83982a0ca88033255ae276fe1c2681cda690.jpg']",0.979849563,0.936290323
"['850', 'a1e288c83bc96ffca97c8fdec1c62cb9281b457d331fa551701ddb75.JPG']",0.983334575,0.937602684
"['1012', '6b5a7c5e83211281b4736af49732f6822cb021debf19d2db0a060017.jpg']",0.965392064,0.93992611
"['1011', 'a959d3b63d36c2081d9a6d12192338c561f4fec883fe245d9c994282.jpg']",0.985449705,0.921602233
"['456', '0bb310e9ba27fe565412efbb57a5116169bbae76d8724f6707da9357.jpg']",0.984397148,0.928615513
"['945', '8d5ea0e70aa4ef6348944f0a83841f6e29b58f6e1361a455fa9f94e7.jpg']",0.981257352,0.948522951
"['512', '8502c6c4106128d5204aced490feb23852cd5bdf2d6c06855955ae73.jpg']",0.964730214,0.941663159
"['725', 'd1e8c2f76fcf6bab5f0e42383b4fe9f4c2817645d2f388bf2f31f738.jpg']",0.989075485,0.913273772
"['381', '04ca67dcc435d589b3ef46115351bba494630a33d883b26d61e7a578.jpg']",0.980170623,0.940180514
"['848', '8e532e724de11fcf4b379de6c290fb78cd36835f1bb8310658dad70a.jpg']",0.975306209,0.948389994
"['957', '90282a4518444270514aea5a11b000c5f49764879b4814fd3bf591e5.jpg']",0.984184546,0.953201795
"['679', 'b82afc61c8e666eca7ec29030d832bc462d1376728d652ccef32af0e.jpg']",0.979048635,0.960069355
"['987', 'bdb8af8279591630b747c4a1b0069dba0707f0ff1e4f32787ce38c41.jpg']",0.976155119,0.945913146
"['422', '98c6bd7203ddc4b4ead2336366fdb6c4247e292e3dbf837d07e1c40b.jpg']",0.963323233,0.95117557
"['354', '19a0f7e389047b346f5f20d556e38a2053060f1725bc923e90a396c9.jpg']",0.979877215,0.94474327
"['648', '90b977b063eb1f5577fbf013859500492ab5179d5dab15d67a1fc758.jpg']",0.970148877,0.964713404
"['643', '56ac25712678b67252aad3bcb501a8802cc644dac1d018d08d2e647a.jpg']",0.978323248,0.950508225
"['627', 'eea648179c938bbdaaf9e37521e07eaed9aa37c1d2208cc06df4cc18.jpg']",0.984491686,0.969579076
"['710', 'c94af263c894f4516ceedfba468f152530059af9adf56afdb1c25930.jpg']",0.974706414,0.952760032
"['947', 'c82ac9390e13eba83b8d490e55c0db04225b1427530f29449400c561.jpg']",0.96752001,0.941194375
"['47', 'eee3297f790df2f5b534c1dc793d0cd868ff3e3a812e0480e876577f.jpg']",0.988897983,0.957400413
"['965', '154cf5a3eadc9a649eeb49877108832cf11341e3209d5cc13ab8cd1b.jpg']",0.981101828,0.95012561
"['973', '8151884c4ee63a81ebd30eebb7096c30bcafc73623c328358c390a2e.jpg']",0.988522514,0.956798365
"['717', 'e7bec123711a957c5b266fba617b414972b1020c74ce4c0847905b9c.jpg']",0.976631894,0.942010868
"['433', '7f62b10cc0d1e34e9534977934fb2bf81db9432b4a2bf32a4cadd4e8.jpeg']",0.980880643,0.913536728
"['975', '7b7a2bb4b6bcf54e734a5aefd5fdf51589cba1e2e29e0ca402426b6c.jpg']",0.972761737,0.942235163
"['1032', 'b62b062494d006bc93d5ce54e2feeb7020b9d6a8953af829798a86b6.jpg']",0.967615839,0.975608517
"['692', 'c4b653c2738d9f43316faac6d19ae7479be2b1aaa0aa3c370fb57f1c.jpg']",0.970464783,0.967831403
"['187', '84a0c3db3da38ef56db548cdae680d3443eb5292a831b8b08d2ffa2a.jpg']",0.989314738,0.948531198
"['393', '512006fe2259a944eb63b8124206280015924bfe00237a117690c16d.jpg']",0.982931837,0.953001916
"['394', 'a17f2a36e9392660c17c91576d8190164412d6c9b42bf670cab18c57.jpg']",0.967589846,0.947106742
"['962', 'd7f22260aed7e7c35adbb44756668ee371b37955c2a2358a0565add4.jpg']",0.965146984,0.970305538
"['1012', '933b38b3196e5db904ddd3f579e4eafd63bb29217191b12a7719143c.jpg']",0.965303378,0.963353571
"['392', 'c5a9a1f3ca45776d65879bb7dcc7a2f8d6c05ffeb86e5f840ae47f27.jpg']",0.983395942,0.92780028
"['321', '84f726657b5d5b305974101024e8fbd0981cca268651debf4a207d13.jpg']",0.970267872,0.973881459
"['729', 'ca96cc83eca50a88a05ffb29bbe213dbb1a36954356ea11a5bfe00fa.jpg']",0.980092235,0.952740754
"['1000', '772afdff2c51a3b423d8222e2d33ef3d739165d44d8314dd95448125.jpg']",0.977497871,0.951428079
"['852', '566efef58738337a9393e747221513d4e1fa5bfbcc6a5edfa0a98027.jpg']",0.980194014,0.941036454
"['134', '2078eef58f57193f6c78fccb71cb067c80bdd5a44c4f214061a142ea.jpg']",0.97170092,0.926398447
"['688', '37ad23510595a866de1b1153a56e94b2e8e0b81f8b64c407ad74f54c.jpg']",0.988989122,0.946721636
"['697', 'f56cc911ba8d11673e4c18ba2b08556f99e9a0e892918d3714324321.jpg']",0.959076229,0.962276105
"['375', '32f20d2162df12e73caa1060481403860a4e422c8a54bfebb4036302.jpg']",0.963867141,0.91395389
"['610', 'f3c28486336baac92eecee5085a1b50e88e7bf44cd40d38acb10ceb1.jpg']",0.984475394,0.919789913
"['370', 'fcc4937c78c3cff78760812b358afda76f753f6e1a1e65be5c623b76.JPG']",0.983942478,0.944724032
"['622', '1e2fcdd892b92f4514e7dd176832e51bf3d03706ac091c61d825573c.jpg']",0.964865399,0.896036061
"['1027', '45a74b06f3ddaa5dfcdddb7fb7e7684cb550f51062181ae807fb1e75.png']",0.961744967,0.918101118
"['895', 'ea20df58c52fc1434a7f138e64f9d3b4a6c51d7862dfdc1fc774ba0a.JPG']",0.971335392,0.948248545
"['984', '42cefef5be2dd2c2e95d7695fc928ae8198bafd231cb7c1bf99bdd72.jpg']",0.964793526,0.909720417
"['612', 'bff48b669cd2c3928dacc83623739d58f02aca6f2265f4cc7b095636.jpg']",0.987176444,0.955479293
"['516', '0cd51c99a4bcd54ef7b4ea7bb97f039134498ddf0e8feed51d79eaf1.jpg']",0.975941853,0.942103351
"['653', '43bda0f6db59763069536ba00bc2da6a203cf234c90af9e8062574cb.jpg']",0.964174668,0.963631377
"['411', 'dbcd2fae3e7cad6f09a65ec142844b1281192800fbd420dcc8af7228.jpg']",0.978069999,0.924792944
"['857', '9f69a4f47a99d0449c7178d4cb749fd2c7a240702fa5c19bd265280f.jpg']",0.937034494,0.942581774
"['1040', '27759db9beb5ba3121ed6b4c5de79f17cdeede257eec0c54fbdcb958.jpg']",0.979727858,0.960211782
"['420', 'd6f39cb4f12b62d16fe23b2cd2ea5dbd29e79681f84c6affec952eeb.jpg']",0.978879286,0.959312778
"['492', '38e8d0b88ba7e906371cf89180bbc2fde8cc9332934c53e1c06c177c.jpg']",0.97483309,0.93695018
"['465', '6e6ff72101cc7fcf35b9f6fdab683c3ec058af030a668f6e2ba495d6.jpg']",0.977831525,0.954649233
"['741', '97ecca17beb5e663238eac9dbc30d81a9539d0de46c8de45560c2dea.jpg']",0.980416244,0.930360444
"['416', '56c35196b7c0c92dc96e62cce104aef007d76784afe500c03b8dd954.jpg']",0.970491314,0.963295255
"['303', '13dbbb3313d23a24b71664c1beab1be79f8dec075fd4636faa940499.jpg']",0.969579133,0.934768477
"['723', '0cbac3351d4819dd3278bf7a95a5e59283dfdf673cd69ff4e430475e.jpg']",0.966067395,0.949981418
"['759', '2feb76fa3372ad76bfd48994854b008b7a95c6620ae7a82a783faec0.jpg']",0.964761119,0.957764674
"['859', '1271118ae751a7981b9660d67e18d45588aacec56dbbb313d6fe8992.jpg']",0.982214,0.934690187
"['968', '980eb6ac08a574de524bd70ec685426e9d4591e5022f83d2b2b8e4c2.jpg']",0.952043027,0.867211169
"['678', '9b87c4ff7aafbb5daf194e097e2ac11c7faac394542932344be1f3fc.jpg']",0.981914868,0.941085002
"['955', 'afd8dde84122b2b26d1db7ab95d51c99cbadbebf06bf6b71fcf7253e.jpg']",0.986506275,0.928329352
"['334', 'a75cdc7b9fdb28d531556a1f892fe680289daf193201bdcaf8fbebca.jpg']",0.976764808,0.942255549
"['24', '55fe1ca086abf3b913fe56410cc74295bb7e90bb8ec26dbbc62a4d64.jpg']",0.985486856,0.940040209
"['702', '31cdba140869fa1a44f0142667dd5ce01f83e6b9a5093ed277c1caa8.jpg']",0.976083894,0.959327454
"['509', '922d192c353a8ab323f8d6810df09101d6fb21cb38ab6be67e53dfa7.jpg']",0.975123071,0.951398987
"['891', 'b2ad3ae5936bedb3511d9fe79280db28b42cbf41099e4d5b78a80100.jpg']",0.966645281,0.956560671
"['1037', '2badcff7910d2b863a76a7a0a62ada9ded832b349d503ec9f5fdae5f.jpeg']",0.977117081,0.952790626
"['1050', '224ba8cb415929ef6627b02cfa85413ef0b142f9fe9f99315eaa8ddf.jpg']",0.972061167,0.952767312
"['883', 'ced1a3f7ea340da3eb646e0d362f1e472566841bd3ca5df34ac01c33.jpg']",0.969801398,0.919817771
"['927', 'a81e905b63665a1d2232bce63d480029e820204e414ae6aebe123416.jpg']",0.972223138,0.958852024
"['665', '268243ae0a1ef6d0393464b31a137392bf407b9ea9818e6557916bf6.jpg']",0.9889038,0.944214005
"['895', '240aa839cd781b2a199af6c674d35027f0758f22db7e8ba6743e123e.jpg']",0.976994007,0.954885052
"['1037', '064547e82ae1568a823796cf171087a83be4b9001a17719fbad8038c.jpg']",0.958121414,0.889671106
"['401', 'f7480d766532259914c5f4e8516e15b608bfae4edc1f26b0599c4011.jpg']",0.977386069,0.946142472
"['694', '379a238a0dd1043d5a2600be279277631375b3a5014c000a89d00bd4.jpg']",0.983083076,0.960861946
"['463', '70202a7b78d482ad1c84d16a9c5f8cf2512f0628d7db379d84a4469c.jpg']",0.980975321,0.936510581
"['513', 'f2fcd4e5ad9898604f760c8b5b1e622ac85fb4089384b4c0ae35092c.jpg']",0.99010121,0.957713526
"['978', 'c9209e990ebe7178a815957800cf8975a2f0bebd9efa284565ce9d7e.jpg']",0.992043249,0.913790104
"['706', '050c7fcae4ad7fac69b0a4257c7961ffd38f46e85f740011b4e5c93f.jpg']",0.978073348,0.924041881
"['462', '7a7fbc3aabfe2faf568809637f3863681d5206e79012fb096951abc0.jpg']",0.97930779,0.959637886
"['494', '485e59560a25f2efff608107eb434d91b98a527027f102423312c88a.jpg']",0.98987768,0.948521714
"['727', '3ca9b93edbb0ded246154df0a2f393120a88417e01de7c1a3c5830cd.jpg']",0.974008068,0.927024522
"['613', '7e973f7d105c21d9e6d06bdb068e06e89d33e0b80e60d8b7e5fa934e.jpg']",0.965746857,0.970511146
"['302', 'd9bf05c51b6d1b089e82fda85e14a88421bddd99eb015595bf13ee66.jpg']",0.9708395,0.943917153
"['117', '986d38d55654b351433d557bd5dfcce7e7378d2008ffd510fb16d800.jpg']",0.966892988,0.932505519
"['685', 'be3f8e878d3cde6b34e25b8f5dc6b86d7fb578731fb6eedc0dca4f9d.jpg']",0.977939258,0.958881833
"['880', '6c86c39d593783031c48dd3e7d61c7763f6ea552b22662703cc6a134.png']",0.969948298,0.958883463
"['1198', '51fa693513709959cae0cad97ca10b9bbc92f1652200efebc53bd9be.jpg']",0.983238175,0.954412648
"['992', '93ee71edda27e38cea791771df3b4581f846572da0365493b0abd511.jpg']",0.980331427,0.914564316
"['998', 'bc12f8f08990295d556bfc602a432339aecc3ab7cbb9931c7d8c2d79.jpg']",0.983810047,0.954394816
"['805', 'a88aaefca4c59767ff0fc39bff691b4865efd91fb133c99c15289f41.jpg']",0.973017229,0.961791706
"['734', '2a1251c137c9f8074c21e5fb1cde5d67058b41cdfd1bb586f07b4eb5.jpg']",0.981940157,0.94971542
"['951', '13acdec854ce1e47822956b9d6ea2e6506327a3f31779377658ab4bb.jpg']",0.983506596,0.928279531
"['499', '9e9c89009f6c0955a3a7b7da832393a99444b1bdde007825ce0327a3.jpg']",0.964745802,0.932465815
"['122', 'ef608e0c45cd8f500d814ab4d6ed4db74de0f17fb17dfae89332b2d0.jpg']",0.981448712,0.944739047
"['381', '15762b5eb689f2ca2026f7ee4dcd35c7e349c27a2f83274028fe5616.jpg']",0.981829121,0.946317453
"['376', '8be25f0a6c78a32aa8b89bea8c925b81b60bfa18c159a6438a566398.jpg']",0.983906382,0.976512349
"['449', '26cbfcb9a0ec86d0908a729c48461e85e345b9c941fcea6bdfe1b974.jpg']",0.984574737,0.952151884
"['381', 'a7d0726f9ef8724cda1d38d808ee0862832994cc7a6713a07fc4ed03.jpg']",0.983952779,0.956887793
"['741', 'c1426a653471c29a56f5425312224f2662cfc373ebbdeb649df106ca.jpg']",0.974162509,0.944502097
"['956', 'cbf03e9e16b3a7208c23ca252df6932a34e1fcd8e53a344acc76faff.jpg']",0.972583226,0.947421565
"['439', '9041812bb1282d4aec835aeacfba1800ff19825ddae23fe34263444c.jpg']",0.983108435,0.965552245
"['1046', '67b38c2248818652099453a6e4e391515c5a86a33fe4b403c5a16bd3.JPG']",0.958103118,0.952634373
"['501', '895deac29165f4e3ac4a1480d77db0c268691f1b2a3d100b822290fe.jpg']",0.951939762,0.900963272
"['625', '23ab943dc8286134f3d9834fb5900c090e8522183c247c4614a6bbf0.jpg']",0.967066258,0.902208915
"['963', '74c09ba8050b10b665e48e9d0c2490df881376045125f6c1c3402e06.jpg']",0.974922116,0.948500846
"['690', '3dc3623e5f865f42639d55f98cf7b3a11351a9d0cda0ca5d665a0c38.jpg']",0.978713914,0.956218827
"['822', '8fd930ba4d088754c47a8713ac13eae3537b83275919c7aa243eb057.jpg']",0.977420405,0.945028509
"['1017', '52aea8bfd489ce13982e76bc15c4570e77d19a3cc8fb11ec1ea621aa.jpg']",0.982600659,0.947931155
"['486', '60d8eb5e2818e7ea63781c2a99aec5dc77aa33d572562cfdd06408e0.jpg']",0.977109455,0.926202564
"['945', '5bcd819dff6e755174a39bdf43a9d045ba08151981983077c914e77f.jpg']",0.975440857,0.954617453
"['621', '046bfee94f26d789a99032e15752cd7ac11d5bd9c982ae444d1bd415.jpg']",0.974653558,0.905123301
"['1039', 'b5b9ba146e451e56f237f5908cc636fccc49dbc84312c29f50c00eaa.jpg']",0.980962284,0.954832828
"['1051', 'ec63d616bb23772598e9d929b088d104502827d8ae9bbcc6fa0fc4b8.jpg']",0.982955262,0.915336266
"['462', 'ababa03c5cb7cd4ad8ce446a7478b41f761536ac007d347f9f54e9ad.jpg']",0.990201781,0.961442942
"['377', '3425a55e6e4558833de5914285f2150cf0b76eeff1ed5b19994a8eff.jpg']",0.964617492,0.898697919
"['746', '0408f10494e94dc4636d300381fcb1507269bfb3096f0028d7641a32.png']",0.986253655,0.939057045
"['863', '818eeca80ff1dd2e2b7a10e0eac0bc7b147e1b55e4b474526a459c95.jpg']",0.979234087,0.932416947
"['672', '40d2339494ed205df292701f21f0b36937f8a8ba4c06ebe2fc8251ed.jpg']",0.947201463,0.942990367
"['393', '59a1343f8a00b7383454e51fedb3d0f8f139254cf1aec9b8e77c3402.jpg']",0.963706099,0.944983244
"['730', 'f9942e403ea9293b66a8240206749da3052de39ee155c98178b3ce5c.jpg']",0.97053266,0.937622675
"['990', '69462d9f0a5bf5437064dc77a2e4f2e11bed3b43e1f86324e3480534.JPG']",0.984131753,0.957287064
"['487', '067e99f68f6599d1c436e262073f9feea567dd7d9c85ebc0e9cb2e73.jpg']",0.988913903,0.953694322
"['622', 'e6ba566a8bdc6ce8ecef2ea03ddbf7fe1f26dadbf64a15b7f9c2e56a.jpg']",0.975400826,0.969255903
"['810', '16e003c250d09db149ccbae9e92a32b6cba829bf4de90c815effa5a5.jpg']",0.973917428,0.94356894
"['873', '3d86609e1efe7cf760aff7ac217ae9406bed09b7ba426483502719db.png']",0.967204589,0.895305631
"['356', 'b22a7e1061888752dc52ddbe4d78cbd022abd0b3bcbb5c5e7db5d977.jpg']",0.983720372,0.969765955
"['654', '207a6dc00142fcc5ed2503a59db4b1fb993f533c4a241bb337fab56b.jpg']",0.935575713,0.878483583
"['439', 'e38b2a6d07553fbb1063bfe12c4e9dc9dd7d61e468bf77555246d71a.jpg']",0.979480409,0.959690126
"['593', '89b279eab8e967b40b10a804be8c19dd82e9641bc40a3960f578be0e.jpg']",0.964941228,0.936030342
"['917', '549ed91a7af40bbad9686c7fa24ff9a322c65a1189ee069200ce85bb.jpg']",0.977916553,0.905081512
"['1024', '72466adc9abeb87484b7d9004993b69f945b65687c1f4830d3e53103.jpg']",0.985061507,0.950633324
"['802', 'fe97edaec3f8a36f8cb20cf4baf113957218bc1bd5160b7acd08de66.jpg']",0.982818421,0.925641235
"['993', '0fabb1db09973d26d199cd26aa918f52778aa2471d949fbc44bff8a1.jpg']",0.990011421,0.922189067
"['214', '2c3428967b01960b1c690ba6bfbb1698744351f0c740e3d6e9a843d7.jpg']",0.98223281,0.9462942
"['855', '3c577b0f0f110d54f1e55a4f29d8c7a9efe5738bfdbd5b9ae219f9a6.jpg']",0.986899618,0.955084375
"['135', '697cd0c9a8cacefabd8b4b9e9ad5545f85c9481c919664e938dd1837.jpg']",0.978334908,0.942671781
"['870', '130a9b3b5e5096370a18ee19e559a5bf6ec1e80653865d451cf98b97.jpg']",0.986589499,0.915602976
"['516', '964759bc9dd3eee3abb3493bbd97cfb30e04c6a18770215777e1c079.jpg']",0.986058131,0.977058297
"['1057', 'ce02e6c5a05a19e37c12a9ea4cca24a62879aafc4eb2cb10c204d8d3.jpg']",0.988931919,0.958594141
"['829', '8f2b9b6d550e1c6b8540e6e9d847d29703096358fec12db72af06e0a.jpeg']",0.981055411,0.956391488
"['264', 'bf715736c8461e5a211d84ba9c20d0997b65a867186a66ecfdb6524f.jpg']",0.977338235,0.959517822
"['687', '7678491db3d5b363c34516e574a478059150c1774e13c54d2f1d7dcd.jpg']",0.962941507,0.91956293
"['717', '53b6c72a30d0477c15e84b5adf0c07fe77f4337de03fa6101c0df31e.jpg']",0.966960078,0.93584088
"['870', '58d3a9ec2202a140dcf3c1e3bf2abdbcdfff3682f85b46ea89f82025.JPG']",0.983596408,0.947315016
"['914', '1ff9eeeb5bfe6d3ac315dde14b9cbe65aff60414c9856d9e52d585f0.jpg']",0.982258786,0.929523774
"['684', 'f6958390220038c90187f84deb1bcb3dc94f6fb18ddba2d8a33f20d0.jpg']",0.977280893,0.91441715
"['381', '8dbceefe0319a665ddb69f1477a97671c6bc1d113e3eab8170d335de.jpg']",0.982787943,0.94993266
"['456', '042aaaf4cf50512b7857b98dff2020d495df1a3ccdeef54eaadbbf57.jpg']",0.979877648,0.933677573
"['755', '916daacccecbba6a3511d8f7c0e0b66ae868698ef1b4cfb9f95df901.jpg']",0.956205947,0.949110341
"['333', '44ae7b91c0e889c8b614ff99b2567c27d1ff1fc458449bcaf2b78fee.jpg']",0.967788625,0.943479937
"['417', 'daf62f6a7b86a5042071b60a0ddd949a2e27b88e726d4e8d0bf8705b.png']",0.972102187,0.948167316
"['959', '97a1ab79db38df9090e7cb1f572d9c289c37e847853a0895f2b1e2ee.jpg']",0.975340701,0.96108129
"['649', 'bde39fbc14b4401678a0922bb90ec2dce335f25feb72f7e3521f5a6b.jpg']",0.972373589,0.964029529
"['741', 'd90e33be1ebbe0c36d3cc4e45f300ff51689a73f73d32e68d84397ed.jpg']",0.986677735,0.939608496
"['893', '3975555cf5b41b95f420d285bae1c64d63158a92c1dbe4233c68e451.jpg']",0.965871808,0.95150959
"['610', 'ff6a5308db5334ae185095bf8e0a5831e87326fb3209d25c05849e7d.jpg']",0.988172349,0.926008287
"['933', 'e07c5f29bce9c19c4ee846a8a97329a98b706ae7f5f82ccb8e353c2d.jpg']",0.971198625,0.961206864
"['119', 'ff1665237f3f789e4d5ad5dbf27e4d8fde95e32d0a13bbaf0f1aa74a.jpg']",0.974343503,0.942966768
"['958', '6fdcc4b67b46cd9272cb184354fac8bbdf0322d18efacb98fef2b3d8.jpg']",0.986355653,0.964532652
"['952', 'd924d84c9850aa6d5f2071da9e0c695ae8affb2701902aeb136025b2.jpg']",0.976966528,0.952068803
"['966', 'd0657f733e4efcd1abe62719e0f64e8e3796757b8738ec561ac4648f.jpg']",0.977504334,0.921121402
"['967', '62816d714b1e658b1be5258a4cd05367f73790d0da4fb2dd9661e553.jpg']",0.98794593,0.953212976
"['333', 'c5cdd073c92c7042aba3aa47fe4e9b4d5265192e730da21f16e775ed.JPG']",0.968943225,0.926475195
"['1272', '4f9e2f6ab1f69dec2bf6660e944e343a13d32a2a04f754c9643a6094.jpg']",0.98587967,0.960064156
"['331', '00283ee08ee1c045abf54d3bb81ed3c926135871153eae8ff2fd11c8.jpg']",0.979819985,0.94172779
"['912', 'd3dfb1911aceff755734ebbd0f5dc4b531560a310f73470d5b4d0378.jpg']",0.978522436,0.921069453
"['498', '51090e756f0d822be5f5573049d1c09d04557f11a747b3bbd23f227b.jpg']",0.966853076,0.927720318
"['1020', '93f4b656cd7de32f918369c69efe4e27029ccb3bc7155201c8010a47.jpg']",0.971516845,0.937458649
"['434', '3cc03e959f20d046a66985274657cb9df0185e554f88bac5488ccec0.jpg']",0.967936199,0.93932981
"['877', '71b4a95e167523b8e27b7d9c6e1bc6e76b43822a6cbfef9baa21ebee.jpg']",0.9799764,0.951971998
"['1002', 'e19aa805a6f28bed90261affe6a9b4e609b38977e7dff0578bde07f3.jpg']",0.971031258,0.956061988
"['849', '8121b054b9f34a880831bb8fc3a9b184e79ff753d09c564c6bd43d64.jpg']",0.970964245,0.968728323
"['972', 'cd46aa48e7faf98766ff650e7fd4536e0ce3b4f88ea3f8027421df87.jpg']",0.94544066,0.932651776
"['652', 'b066c8f4ef86f38c01d3159bd88f0ab579a0bcaf708c8b3e6fbb2dbe.jpg']",0.980209797,0.935646278
"['822', '9dce7a4bf65ee17dcfdd7f6d1a2ab2bb0d97336bf8e1759e01318b02.jpg']",0.968681217,0.960110447
"['725', '58f4c4062a9c6112197689d5bd022047cce2456be8fbeab7cbbbbe59.jpg']",0.971712477,0.931856537
"['858', '04af340b2e9f11e1d0e9d51202f89e5488f7fab4c8f6029632b699a4.jpg']",0.976498113,0.907359466
"['732', '0147ed1ae450871793854d373a01241581e93918ad0871b3497d457f.JPG']",0.977919185,0.92736179
"['467', 'e2c370b3e6c6d35a1cbb6c1d7fbbd38963fca13ab1232608cd5126a9.jpg']",0.951542146,0.949927371
"['967', '2f5bb44bed2a94170211bc210d7c2a499206a8657488ff8d92ba3f52.jpg']",0.9845969,0.941015032
"['911', '6835a3ff77f3938f369fd55aee39232c9170bdd2b871bf47da478102.jpg']",0.963368726,0.965636123
"['402', '96472f4f7bf00a8f698ae988d92aa0622c74241f4ccfa59bd9144b43.jpg']",0.976343836,0.934826652
"['972', 'fd3a284a857029493766b346febaceaba60cdf9fdeea7f80f3cc106f.jpg']",0.978485491,0.94345236
"['381', '7349f87a0a3df5e511629793f24891924fba72f46069a45e60f35e6c.png']",0.975497747,0.941502322
"['460', '33b787f1a4a68f6495c050ae40e323dc23c0eb3519e1c9f377dca7bd.jpg']",0.987206825,0.945523983
"['1061', '119a0af0fc79a635cf9d115aa934bf16aec647cca663d50b37ee9a73.jpg']",0.966891357,0.943945663
"['199', '2e4a49e3729e34ce08f47ed2593935f8c1dd6330b57f0d4d8738dc1d.jpg']",0.985690832,0.955019041
